use bartter;

-- user (20)
INSERT INTO user (delete_status, location_id, user_birth_date, user_id, created_at, deleted_at, updated_at, user_phone,
                  user_email, user_username, user_provider_id, user_nickname, user_password, user_profile_image,
                  user_profile_message, user_gender, user_provider, user_role)
VALUES (false, 2024, '1990-01-01', 1, '2024-08-04 19:31:58', NULL, '2024-08-04 19:31:58', '01012345678',
        'user@example.com', 'kiwibartter1', NULL, '꽃분아빠',
        '$2a$12$KKPqUFfNuwCvOEaKFgU.eehej.TZxXyqBTVuQCr2y2.HLFL2VSgcm', 'https://d1tknhgbpjhaqe.cloudfront.net/user_1',
        '안녕하세요, 꽃분아빠입니다.', 'M', 'LOCAL', 'USER');

INSERT INTO user (delete_status, location_id, user_birth_date, user_id, created_at, deleted_at, updated_at, user_phone,
                  user_email, user_username, user_provider_id, user_nickname, user_password, user_profile_image,
                  user_profile_message, user_gender, user_provider, user_role)
VALUES (false, 2024, '1990-01-01', 2, '2024-08-04 19:31:58', NULL, '2024-08-04 19:31:58', '01012345678',
        'user@example.com', 'kiwibartter2', NULL, '사랑둥이임애자',
        '$2a$12$KKPqUFfNuwCvOEaKFgU.eehej.TZxXyqBTVuQCr2y2.HLFL2VSgcm', 'https://d1tknhgbpjhaqe.cloudfront.net/user_2',
        '안녕하세요, 사랑둥이임애자입니다.', 'M', 'LOCAL', 'USER');

INSERT INTO user (delete_status, location_id, user_birth_date, user_id, created_at, deleted_at, updated_at, user_phone,
                  user_email, user_username, user_provider_id, user_nickname, user_password, user_profile_image,
                  user_profile_message, user_gender, user_provider, user_role)
VALUES (false, 2024, '1990-01-01', 3, '2024-08-04 19:31:58', NULL, '2024-08-04 19:31:58', '01012345678',
        'user@example.com', 'kiwibartter3', NULL, '돼지띠곽두철',
        '$2a$12$KKPqUFfNuwCvOEaKFgU.eehej.TZxXyqBTVuQCr2y2.HLFL2VSgcm', 'https://d1tknhgbpjhaqe.cloudfront.net/user_3',
        '안녕하세요, 돼지띠곽두철입니다.', 'M', 'LOCAL', 'USER');

INSERT INTO user (delete_status, location_id, user_birth_date, user_id, created_at, deleted_at, updated_at, user_phone,
                  user_email, user_username, user_provider_id, user_nickname, user_password, user_profile_image,
                  user_profile_message, user_gender, user_provider, user_role)
VALUES (false, 2024, '1990-01-01', 4, '2024-08-04 19:31:58', NULL, '2024-08-04 19:31:58', '01012345678',
        'user@example.com', 'kiwibartter4', NULL, '아카시아향기',
        '$2a$12$KKPqUFfNuwCvOEaKFgU.eehej.TZxXyqBTVuQCr2y2.HLFL2VSgcm', 'https://d1tknhgbpjhaqe.cloudfront.net/user_4',
        '안녕하세요, 아카시아향기입니다.', 'M', 'LOCAL', 'USER');

INSERT INTO user (delete_status, location_id, user_birth_date, user_id, created_at, deleted_at, updated_at, user_phone,
                  user_email, user_username, user_provider_id, user_nickname, user_password, user_profile_image,
                  user_profile_message, user_gender, user_provider, user_role)
VALUES (false, 2024, '1990-01-01', 5, '2024-08-04 19:31:58', NULL, '2024-08-04 19:31:58', '01012345678',
        'user@example.com', 'kiwibartter5', NULL, '민지아빠김두철',
        '$2a$12$KKPqUFfNuwCvOEaKFgU.eehej.TZxXyqBTVuQCr2y2.HLFL2VSgcm', 'https://d1tknhgbpjhaqe.cloudfront.net/user_5',
        '안녕하세요, 민지아빠김두철입니다.', 'M', 'LOCAL', 'USER');

INSERT INTO user (delete_status, location_id, user_birth_date, user_id, created_at, deleted_at, updated_at, user_phone,
                  user_email, user_username, user_provider_id, user_nickname, user_password, user_profile_image,
                  user_profile_message, user_gender, user_provider, user_role)
VALUES (false, 992, '1990-01-01', 6, '2024-08-04 19:31:58', NULL, '2024-08-04 19:31:58', '01012345678',
        'user@example.com', 'kiwibartter6', NULL, '홍두깨.보현.오빠',
        '$2a$12$KKPqUFfNuwCvOEaKFgU.eehej.TZxXyqBTVuQCr2y2.HLFL2VSgcm', 'https://d1tknhgbpjhaqe.cloudfront.net/user_6',
        '안녕하세요, 홍두깨.보현.오빠입니다.', 'M', 'LOCAL', 'USER');

INSERT INTO user (delete_status, location_id, user_birth_date, user_id, created_at, deleted_at, updated_at, user_phone,
                  user_email, user_username, user_provider_id, user_nickname, user_password, user_profile_image,
                  user_profile_message, user_gender, user_provider, user_role)
VALUES (false, 992, '1990-01-01', 7, '2024-08-04 19:31:58', NULL, '2024-08-04 19:31:58', '01012345678',
        'user@example.com', 'kiwibartter7', NULL, '임순애임니다',
        '$2a$12$KKPqUFfNuwCvOEaKFgU.eehej.TZxXyqBTVuQCr2y2.HLFL2VSgcm', 'https://d1tknhgbpjhaqe.cloudfront.net/user_7',
        '안녕하세요, 임순애임니다입니다.', 'M', 'LOCAL', 'USER');

INSERT INTO user (delete_status, location_id, user_birth_date, user_id, created_at, deleted_at, updated_at, user_phone,
                  user_email, user_username, user_provider_id, user_nickname, user_password, user_profile_image,
                  user_profile_message, user_gender, user_provider, user_role)
VALUES (false, 992, '1990-01-01', 8, '2024-08-04 19:31:58', NULL, '2024-08-04 19:31:58', '01012345678',
        'user@example.com', 'kiwibartter8', NULL, '담양미남김삼철',
        '$2a$12$KKPqUFfNuwCvOEaKFgU.eehej.TZxXyqBTVuQCr2y2.HLFL2VSgcm', 'https://d1tknhgbpjhaqe.cloudfront.net/user_8',
        '안녕하세요, 담양미남김삼철입니다.', 'M', 'LOCAL', 'USER');

INSERT INTO user (delete_status, location_id, user_birth_date, user_id, created_at, deleted_at, updated_at, user_phone,
                  user_email, user_username, user_provider_id, user_nickname, user_password, user_profile_image,
                  user_profile_message, user_gender, user_provider, user_role)
VALUES (false, 992, '1990-01-01', 9, '2024-08-04 19:31:58', NULL, '2024-08-04 19:31:58', '01012345678',
        'user@example.com', 'kiwibartter9', NULL, '김용수수밭',
        '$2a$12$KKPqUFfNuwCvOEaKFgU.eehej.TZxXyqBTVuQCr2y2.HLFL2VSgcm', 'https://d1tknhgbpjhaqe.cloudfront.net/user_9',
        '안녕하세요, 김용수수밭입니다.', 'M', 'LOCAL', 'USER');

INSERT INTO user (delete_status, location_id, user_birth_date, user_id, created_at, deleted_at, updated_at, user_phone,
                  user_email, user_username, user_provider_id, user_nickname, user_password, user_profile_image,
                  user_profile_message, user_gender, user_provider, user_role)
VALUES (false, 992, '1990-01-01', 10, '2024-08-04 19:31:58', NULL, '2024-08-04 19:31:58', '01012345678',
        'user@example.com', 'kiwibartter10', NULL, '꽃다운나이조상봉',
        '$2a$12$KKPqUFfNuwCvOEaKFgU.eehej.TZxXyqBTVuQCr2y2.HLFL2VSgcm', 'https://d1tknhgbpjhaqe.cloudfront.net/user_10',
        '안녕하세요, 꽃다운나이조상봉입니다.', 'M', 'LOCAL', 'USER');

INSERT INTO user (delete_status, location_id, user_birth_date, user_id, created_at, deleted_at, updated_at, user_phone,
                  user_email, user_username, user_provider_id, user_nickname, user_password, user_profile_image,
                  user_profile_message, user_gender, user_provider, user_role)
VALUES (false, 992, '1990-01-01', 11, '2024-08-04 19:31:58', NULL, '2024-08-04 19:31:58', '01012345678',
        'user@example.com', 'kiwibartter11', NULL, '오늘도행복한우리동네',
        '$2a$12$KKPqUFfNuwCvOEaKFgU.eehej.TZxXyqBTVuQCr2y2.HLFL2VSgcm', 'https://d1tknhgbpjhaqe.cloudfront.net/user_11',
        '안녕하세요, 오늘도행복한우리동네입니다.', 'M', 'LOCAL', 'USER');

INSERT INTO user (delete_status, location_id, user_birth_date, user_id, created_at, deleted_at, updated_at, user_phone,
                  user_email, user_username, user_provider_id, user_nickname, user_password, user_profile_image,
                  user_profile_message, user_gender, user_provider, user_role)
VALUES (false, 992, '1990-01-01', 12, '2024-08-04 19:31:58', NULL, '2024-08-04 19:31:58', '01012345678',
        'user@example.com', 'kiwibartter12', NULL, '이덕순예요',
        '$2a$12$KKPqUFfNuwCvOEaKFgU.eehej.TZxXyqBTVuQCr2y2.HLFL2VSgcm', 'https://d1tknhgbpjhaqe.cloudfront.net/user_12',
        '안녕하세요, 이덕순예요입니다.', 'M', 'LOCAL', 'USER');

INSERT INTO user (delete_status, location_id, user_birth_date, user_id, created_at, deleted_at, updated_at, user_phone,
                  user_email, user_username, user_provider_id, user_nickname, user_password, user_profile_image,
                  user_profile_message, user_gender, user_provider, user_role)
VALUES (false, 992, '1990-01-01', 13, '2024-08-04 19:31:58', NULL, '2024-08-04 19:31:58', '01012345678',
        'user@example.com', 'kiwibartter13', NULL, '행복한사과상점전일봉',
        '$2a$12$KKPqUFfNuwCvOEaKFgU.eehej.TZxXyqBTVuQCr2y2.HLFL2VSgcm', 'https://d1tknhgbpjhaqe.cloudfront.net/user_13',
        '안녕하세요, 행복한사과상점전일봉입니다.', 'M', 'LOCAL', 'USER');

INSERT INTO user (delete_status, location_id, user_birth_date, user_id, created_at, deleted_at, updated_at, user_phone,
                  user_email, user_username, user_provider_id, user_nickname, user_password, user_profile_image,
                  user_profile_message, user_gender, user_provider, user_role)
VALUES (false, 992, '1990-01-01', 14, '2024-08-04 19:31:58', NULL, '2024-08-04 19:31:58', '01012345678',
        'user@example.com', 'kiwibartter14', NULL, '감자농사김훈돌',
        '$2a$12$KKPqUFfNuwCvOEaKFgU.eehej.TZxXyqBTVuQCr2y2.HLFL2VSgcm', 'https://d1tknhgbpjhaqe.cloudfront.net/user_14',
        '안녕하세요, 감자농사김훈돌입니다.', 'M', 'LOCAL', 'USER');

INSERT INTO user (delete_status, location_id, user_birth_date, user_id, created_at, deleted_at, updated_at, user_phone,
                  user_email, user_username, user_provider_id, user_nickname, user_password, user_profile_image,
                  user_profile_message, user_gender, user_provider, user_role)
VALUES (false, 992, '1990-01-01', 15, '2024-08-04 19:31:58', NULL, '2024-08-04 19:31:58', '01012345678',
        'user@example.com', 'kiwibartter15', NULL, '수완지구토마토왕유지연',
        '$2a$12$KKPqUFfNuwCvOEaKFgU.eehej.TZxXyqBTVuQCr2y2.HLFL2VSgcm', 'https://d1tknhgbpjhaqe.cloudfront.net/user_15',
        '안녕하세요, 수완지구토마토왕유지연입니다.', 'M', 'LOCAL', 'USER');

INSERT INTO user (delete_status, location_id, user_birth_date, user_id, created_at, deleted_at, updated_at, user_phone,
                  user_email, user_username, user_provider_id, user_nickname, user_password, user_profile_image,
                  user_profile_message, user_gender, user_provider, user_role)
VALUES (false, 992, '1990-01-01', 16, '2024-08-04 19:31:58', NULL, '2024-08-04 19:31:58', '01012345678',
        'user@example.com', 'kiwibartter16', NULL, '민영이네상추이야기',
        '$2a$12$KKPqUFfNuwCvOEaKFgU.eehej.TZxXyqBTVuQCr2y2.HLFL2VSgcm', 'https://d1tknhgbpjhaqe.cloudfront.net/user_16',
        '안녕하세요, 민영이네상추이야기입니다.', 'M', 'LOCAL', 'USER');

INSERT INTO user (delete_status, location_id, user_birth_date, user_id, created_at, deleted_at, updated_at, user_phone,
                  user_email, user_username, user_provider_id, user_nickname, user_password, user_profile_image,
                  user_profile_message, user_gender, user_provider, user_role)
VALUES (false, 3015, '1990-01-01', 17, '2024-08-04 19:31:58', NULL, '2024-08-04 19:31:58', '01012345678',
        'user@example.com', 'kiwibartter17', NULL, '좋은인연',
        '$2a$12$KKPqUFfNuwCvOEaKFgU.eehej.TZxXyqBTVuQCr2y2.HLFL2VSgcm', 'https://d1tknhgbpjhaqe.cloudfront.net/user_17',
        '안녕하세요, 좋은인연입니다.', 'M', 'LOCAL', 'USER');

INSERT INTO user (delete_status, location_id, user_birth_date, user_id, created_at, deleted_at, updated_at, user_phone,
                  user_email, user_username, user_provider_id, user_nickname, user_password, user_profile_image,
                  user_profile_message, user_gender, user_provider, user_role)
VALUES (false, 3015, '1990-01-01', 18, '2024-08-04 19:31:58', NULL, '2024-08-04 19:31:58', '01012345678',
        'user@example.com', 'kiwibartter18', NULL, '복조리농장',
        '$2a$12$KKPqUFfNuwCvOEaKFgU.eehej.TZxXyqBTVuQCr2y2.HLFL2VSgcm', 'https://d1tknhgbpjhaqe.cloudfront.net/user_18',
        '안녕하세요, 복조리농장입니다.', 'M', 'LOCAL', 'USER');

INSERT INTO user (delete_status, location_id, user_birth_date, user_id, created_at, deleted_at, updated_at, user_phone,
                  user_email, user_username, user_provider_id, user_nickname, user_password, user_profile_image,
                  user_profile_message, user_gender, user_provider, user_role)
VALUES (false, 3015, '1990-01-01', 19, '2024-08-04 19:31:58', NULL, '2024-08-04 19:31:58', '01012345678',
        'user@example.com', 'kiwibartter19', NULL, '강아지풀김가람',
        '$2a$12$KKPqUFfNuwCvOEaKFgU.eehej.TZxXyqBTVuQCr2y2.HLFL2VSgcm', 'https://d1tknhgbpjhaqe.cloudfront.net/user_19',
        '안녕하세요, 강아지풀김가람입니다.', 'M', 'LOCAL', 'USER');

INSERT INTO user (delete_status, location_id, user_birth_date, user_id, created_at, deleted_at, updated_at, user_phone,
                  user_email, user_username, user_provider_id, user_nickname, user_password, user_profile_image,
                  user_profile_message, user_gender, user_provider, user_role)
VALUES (false, 3015, '1990-01-01', 20, '2024-08-04 19:31:58', NULL, '2024-08-04 19:31:58', '01012345678',
        'user@example.com', 'kiwibartter20', NULL, '은퇴후새삶살기',
        '$2a$12$KKPqUFfNuwCvOEaKFgU.eehej.TZxXyqBTVuQCr2y2.HLFL2VSgcm', 'https://d1tknhgbpjhaqe.cloudfront.net/user_20',
        '안녕하세요, 은퇴후새삶살기입니다.', 'M', 'LOCAL', 'USER');


-- follow (보현 -> 민영, 지연)

INSERT INTO follow (follow_id, followee_id, follower_id, created_at, updated_at)
VALUES (1, 15, 6, '2024-08-11 11:03:57', '2024-08-11 11:03:57');

INSERT INTO follow (follow_id, followee_id, follower_id, created_at, updated_at)
VALUES (2, 16, 6, '2024-08-11 11:04:00', '2024-08-11 11:04:00');


-- crop, user_provider, user_role

INSERT INTO crop (crop_category_id, crop_grow_date, crop_id, user_id, created_at, updated_at, crop_nickname,
                  crop_description, crop_image)
values (21, '2024-06-20', 1, 6, '2024-08-04 19:31:58', '2024-08-04 19:31:58', '참참참깨', '참참참',
        'https://d1tknhgbpjhaqe.cloudfront.net/mycrop_chamkkae');

INSERT INTO crop (crop_category_id, crop_grow_date, crop_id, user_id, created_at, updated_at, crop_nickname,
                  crop_description, crop_image)
values (5, '2024-07-01', 2, 6, '2024-08-04 19:31:58', '2024-08-04 19:31:58', '오이오이', '맛있는 오이',
        'https://d1tknhgbpjhaqe.cloudfront.net/mycrop_cucumber');

INSERT INTO crop (crop_category_id, crop_grow_date, crop_id, user_id, created_at, updated_at, crop_nickname,
                  crop_description, crop_image)
values (13, '2024-06-01', 3, 15, '2024-08-04 19:31:58', '2024-08-04 19:31:58', '방울방울', '방울 토마토',
        'https://d1tknhgbpjhaqe.cloudfront.net/mycrop_tomato_small');

INSERT INTO crop (crop_category_id, crop_grow_date, crop_id, user_id, created_at, updated_at, crop_nickname,
                  crop_description, crop_image)
values (13, '2024-06-03', 4, 15, '2024-08-04 19:31:58', '2024-08-04 19:31:58', '왕토마토', '나만의 왕토마토',
        'https://d1tknhgbpjhaqe.cloudfront.net/mycrop_tomato_big');

INSERT INTO crop (crop_category_id, crop_grow_date, crop_id, user_id, created_at, updated_at, crop_nickname,
                  crop_description, crop_image)
values (10, '2024-07-01', 5, 16, '2024-08-04 19:31:58', '2024-08-04 19:31:58', '초록이', '무럭무럭 자라라',
        'https://d1tknhgbpjhaqe.cloudfront.net/mycrop_lettuce');

INSERT INTO crop (crop_category_id, crop_grow_date, crop_id, user_id, created_at, updated_at, crop_nickname,
                  crop_description, crop_image)
values (17, '2024-06-20', 6, 6, '2024-08-04 19:31:58', '2024-08-04 19:31:58', '청양고추', '무럭무럭 자라라',
        'https://d1tknhgbpjhaqe.cloudfront.net/mycrop_chilli');



-- crop_diary

INSERT INTO crop_diary (crop_diary_id, crop_id, created_at, updated_at, crop_diary_title, crop_diary_image,
                        crop_diary_content, crop_diary_perform_date)
VALUES (1, 1, '2024-08-04 19:31:58', '2024-08-04 19:31:58', '직파', 'https://d1tknhgbpjhaqe.cloudfront.net/diary_1_1',
        '오늘 처음 심은 씨앗. 무럭무럭 자라라', '2024-05-10');

INSERT INTO crop_diary (crop_diary_id, crop_id, created_at, updated_at, crop_diary_title, crop_diary_image,
                        crop_diary_content, crop_diary_perform_date)
VALUES (2, 1, '2024-08-04 19:31:58', '2024-08-04 19:31:58', '발아', 'https://d1tknhgbpjhaqe.cloudfront.net/diary_1_2',
        '물을 열심히 줬더니 싹이텄다.', '2024-05-16');

INSERT INTO crop_diary (crop_diary_id, crop_id, created_at, updated_at, crop_diary_title, crop_diary_image,
                        crop_diary_content, crop_diary_perform_date)
VALUES (3, 1, '2024-08-04 19:31:58', '2024-08-04 19:31:58', '성장중', 'https://d1tknhgbpjhaqe.cloudfront.net/diary_1_3',
        '싹이 자라는 속도가 적당하니 좋다', '2024-05-20');

INSERT INTO crop_diary (crop_diary_id, crop_id, created_at, updated_at, crop_diary_title, crop_diary_image,
                        crop_diary_content, crop_diary_perform_date)
VALUES (4, 1, '2024-08-04 19:31:58', '2024-08-04 19:31:58', '약준날', 'https://d1tknhgbpjhaqe.cloudfront.net/diary_1_4',
        '참깨잎이 황색으로 변하고 끝부분이 말랐다 농약사에서 마그네슘과 칼슘부족으로 그런 현상이 나온다하여 약을 처방받아 살포해줬다', '2024-05-24');

INSERT INTO crop_diary (crop_diary_id, crop_id, created_at, updated_at, crop_diary_title, crop_diary_image,
                        crop_diary_content, crop_diary_perform_date)
VALUES (5, 1, '2024-08-04 19:31:58', '2024-08-04 19:31:58', '곁순제거', 'https://d1tknhgbpjhaqe.cloudfront.net/diary_1_5',
        '곁순제거한날. 덥고 힘들다 여름 시작이다', '2024-06-10');

INSERT INTO crop_diary (crop_diary_id, crop_id, created_at, updated_at, crop_diary_title, crop_diary_image,
                        crop_diary_content, crop_diary_perform_date)
VALUES (6, 1, '2024-08-04 19:31:58', '2024-08-04 19:31:58', '지지대', 'https://d1tknhgbpjhaqe.cloudfront.net/diary_1_6',
        '비바람에 쓰러지지 않도록 지지대를 세워주고 허릿줄을 쳐주었다', '2024-06-20');

INSERT INTO crop_diary (crop_diary_id, crop_id, created_at, updated_at, crop_diary_title, crop_diary_image,
                        crop_diary_content, crop_diary_perform_date)
VALUES (7, 1, '2024-08-04 19:31:58', '2024-08-04 19:31:58', '두번째 허릿줄', 'https://d1tknhgbpjhaqe.cloudfront.net/diary_1_7',
        '바람이 많이 불어서 두번째 허릿줄을 쳐줬다', '2024-07-10');

INSERT INTO crop_diary (crop_diary_id, crop_id, created_at, updated_at, crop_diary_title, crop_diary_image,
                        crop_diary_content, crop_diary_perform_date)
VALUES (8, 1, '2024-08-04 19:31:58', '2024-08-04 19:31:58', '무럭무럭 잘자란다', 'https://d1tknhgbpjhaqe.cloudfront.net/diary_1_8',
        '순조롭게 잘 자라는 중 다음달에 수확을 기대해볼수 있겠다', '2024-07-13');

INSERT INTO crop_diary (crop_diary_id, crop_id, created_at, updated_at, crop_diary_title, crop_diary_image,
                        crop_diary_content, crop_diary_perform_date)
VALUES (9, 1, '2024-08-04 19:31:58', '2024-08-04 19:31:58', '제초', 'https://d1tknhgbpjhaqe.cloudfront.net/diary_1_9',
        '참깨밭에 신경을 못 썼더니 풀이 엄청 자라고있다 제초작업했다', '2024-08-05');

INSERT INTO crop_diary (crop_diary_id, crop_id, created_at, updated_at, crop_diary_title, crop_diary_image,
                        crop_diary_content, crop_diary_perform_date)
VALUES (10, 1, '2024-08-04 19:31:58', '2024-08-04 19:31:58', '참깨베는날', 'https://d1tknhgbpjhaqe.cloudfront.net/diary_1_10',
        '드디어 참깨를 베고 묶어서 세웠다 요즘 소나기가 자주 오는 것같아 걱정이다', '2024-08-07');

INSERT INTO crop_diary (crop_diary_id, crop_id, created_at, updated_at, crop_diary_title, crop_diary_image,
                        crop_diary_content, crop_diary_perform_date)
VALUES (11, 1, '2024-08-04 19:31:58', '2024-08-04 19:31:58', '졸린날', 'https://d1tknhgbpjhaqe.cloudfront.net/diary_1_11',
        '새벽부터 마누라랑 참깨 베고왔다', '2024-08-08');

INSERT INTO crop_diary (crop_diary_id, crop_id, created_at, updated_at, crop_diary_title, crop_diary_image,
                        crop_diary_content, crop_diary_perform_date)
VALUES (12, 1, '2024-08-04 19:31:58', '2024-08-04 19:31:58', '털고털고', 'https://d1tknhgbpjhaqe.cloudfront.net/diary_1_12',
        '참깨 턴다고 고생이 많다 우여곡절끝에 많이 털었다 아들에게 나눠줘야겠다', '2024-08-10');

INSERT INTO crop_diary (crop_diary_id, crop_id, created_at, updated_at, crop_diary_title, crop_diary_image,
                        crop_diary_content, crop_diary_perform_date)
VALUES (13, 2, '2024-08-04 19:31:58', '2024-08-04 19:31:58', '거름', 'https://d1tknhgbpjhaqe.cloudfront.net/diary_2_1',
        '거름 주니까 잘자란다', '2024-08-05');

INSERT INTO crop_diary (crop_diary_id, crop_id, created_at, updated_at, crop_diary_title, crop_diary_image,
                        crop_diary_content, crop_diary_perform_date)
VALUES (14, 2, '2024-08-04 19:31:58', '2024-08-04 19:31:58', '뿌듯', 'https://d1tknhgbpjhaqe.cloudfront.net/diary_2_2', '추석전후 수확 할수있게 노지에 다다기오이 모종 덩굴올려 유인하는 작업을 함.
떡잎에서 5마디 정도까지는 오이가 열리지 않게 솎아주기도 함
철파이프와 끈. 집게를 이용하여 유인작업을 마침', '2024-08-09');

INSERT INTO crop_diary (crop_diary_id, crop_id, created_at, updated_at, crop_diary_title, crop_diary_image,
                        crop_diary_content, crop_diary_perform_date)
VALUES (15, 4, '2024-08-04 19:31:58', '2024-08-04 19:31:58', '갈라지는 현상', 'https://d1tknhgbpjhaqe.cloudfront.net/diary_3_1',
        '토마토가 조금 갈라져있다 어떻게 하면 좋을까 열과현상일까?', '2024-08-05');

INSERT INTO crop_diary (crop_diary_id, crop_id, created_at, updated_at, crop_diary_title, crop_diary_image,
                        crop_diary_content, crop_diary_perform_date)
VALUES (16, 4, '2024-08-04 19:31:58', '2024-08-04 19:31:58', '추비', 'https://d1tknhgbpjhaqe.cloudfront.net/diary_3_2',
        '복합비료 추비', '2024-08-07');

INSERT INTO crop_diary (crop_diary_id, crop_id, created_at, updated_at, crop_diary_title, crop_diary_image,
                        crop_diary_content, crop_diary_perform_date)
VALUES (17, 4, '2024-08-04 19:31:58', '2024-08-04 19:31:58', '쥬스', 'https://d1tknhgbpjhaqe.cloudfront.net/diary_3_3',
        '토마토를 수확해서 살짝 데쳐 100% 원액쥬스를 만들어 가족들에게 건강식으로 제공했다', '2024-08-09');

INSERT INTO crop_diary (crop_diary_id, crop_id, created_at, updated_at, crop_diary_title, crop_diary_image,
                        crop_diary_content, crop_diary_perform_date)
VALUES (18, 5, '2024-08-04 19:31:58', '2024-08-04 19:31:58', '예쁘다', 'https://d1tknhgbpjhaqe.cloudfront.net/diary_4_1',
        '오늘 가서 평소처럼 물을 주고 잡초를 뽑아주었다. 싱싱하게 잘자라고 있다', '2024-08-05');

INSERT INTO crop_diary (crop_diary_id, crop_id, created_at, updated_at, crop_diary_title, crop_diary_image,
                        crop_diary_content, crop_diary_perform_date)
VALUES (19, 5, '2024-08-04 19:31:58', '2024-08-04 19:31:58', '배추벌레', 'https://d1tknhgbpjhaqe.cloudfront.net/diary_4_2',
        '아침에 가보니 벌레가 잎을 갉아먹었다. 귀찮아서 안잡았더니 잎을 갉아먹었다 아직 심각한 정도는 아니네', '2024-08-07');

INSERT INTO crop_diary (crop_diary_id, crop_id, created_at, updated_at, crop_diary_title, crop_diary_image,
                        crop_diary_content, crop_diary_perform_date)
VALUES (20, 5, '2024-08-04 19:31:58', '2024-08-04 19:31:58', '비', 'https://d1tknhgbpjhaqe.cloudfront.net/diary_4_3',
        '어제 비가 많이 왔는데 비를 맞아서 잎이 많이 썩었다. 곧 장마철이라는데 남은 것들이라도 잘 보존해야 할텐데 걱정된다.', '2024-08-09');



-- crop_report
INSERT INTO bartter.crop_report (crop_id, crop_report_id, user_id, created_at, updated_at, crop_report_title, crop_report_content) VALUES (1, 1, 6, '2024-08-12 08:06:10', '2024-08-12 17:49:27', '참참참깨의 5월 2주차 재배 요약 보고서', '### 지난 주의 작업 요약
오늘은 처음으로 참깨를 심은 씨앗이 무럭무럭 자라고 있는 것을 확인하셨습니다. 식물이 건강하게 자라는 것을 지켜보며 뿌듯한 마음이 들 것입니다.

### 지난 주 작업의 개선사항
- 참참참깨가 건강하게 자라고 있는 것을 보니 씨앗 심기를 정확히 하신 것으로 판단됩니다.
- 참깨는 햇빛을 좋아하므로 햇빛을 충분히 받을 수 있는 장소에 위치시키는 것이 중요합니다.
- 물주기에 대한 주의가 필요하며, 과습이나 물 부족에 주의하여 적정한 물을 주는 것이 중요합니다.

### 다음 주의 작업
- 햇빛을 충분히 받을 수 있도록 참깨의 위치를 조정해주세요.
- 물주기에 신경 쓰며, 적정한 물을 주어 과습이나 물 부족을 방지해주세요.
- 참깨의 성장 상태를 지속적으로 관찰하며, 필요한 경우 추가적인 비료를 공급해주세요.
- 잡초가 자라지 않도록 정기적으로 제거해주시고, 식물 주변을 청결하게 유지해주세요.
- 참깨의 생장을 기록하고, 성장 상태를 주시적으로 확인하여 필요한 조치를 취해주세요.
- 더 나은 성장을 위해 적절한 관리와 관찰을 지속해주세요.
- 이웃들과 참깨에 대한 정보를 공유하고 나누며, 소통과 협력을 통해 더 나은 농사 경험을 쌓아가세요.');
INSERT INTO bartter.crop_report (crop_id, crop_report_id, user_id, created_at, updated_at, crop_report_title, crop_report_content) VALUES (1, 2, 6, '2024-08-12 08:07:29', '2024-08-12 17:49:27', '참참참깨의 5월 3주차 재배 요약 보고서', '### 지난 주의 작업 요약
참참참깨가 물을 열심히 주신 덕분에 싹이 트었다는 소식을 알려주셨군요. 식물이 적절한 환경에서 성장하고 있다는 것이 기쁘네요.

### 지난 주 작업의 개선사항
참참참깨가 싹을 틔우는 모습을 보면서 뿌리가 충분히 발달하고 있는지 확인해보세요. 뿌리가 충분히 발달하면 식물이 안정적으로 자라갈 수 있습니다.
또한, 싹이 트는 속도와 상태를 지속적으로 관찰하면서, 햇빛을 적절히 받고 있는지, 물을 적정하게 공급받고 있는지 확인해주시는 것이 중요합니다.

### 다음 주의 작업
- 참참참깨의 성장을 지속하기 위해 꾸준히 물을 주는 것을 유지해주세요.
- 물을 주는 양과 주기를 조절하여 식물이 적정한 수분을 유지할 수 있도록 관리해주세요.
- 참참참깨가 물을 충분히 받으면서도 통풍이 잘 되도록 주의해주세요.
- 싹이 자랄수록 뿌리가 더욱 중요해지므로, 뿌리가 발달하도록 관리해주세요.
- 참참참깨의 성장 상태를 지속적으로 관찰하고, 필요한 조치를 취하여 건강한 성장을 이끌어주세요.
- 식물이 안정적으로 자라기 위해 필요한 환경을 제공하고, 성장하는 모습을 즐기며 지켜봐주세요.
- 참참참깨가 더욱 건강하게 자라도록 주변 환경을 신경쓰며 관리해주세요.');
INSERT INTO bartter.crop_report (crop_id, crop_report_id, user_id, created_at, updated_at, crop_report_title, crop_report_content) VALUES (1, 3, 6, '2024-08-12 08:08:31', '2024-08-12 17:49:27', '참참참깨의 5월 4주차 재배 요약 보고서', '### 지난 주의 작업 요약
참참참깨의 싹이 적당한 속도로 자라는 것을 확인하셨습니다. 작물이 건강하게 자라고 있는 것을 확인하여 기뻐하시는 모습이 좋습니다.

### 지난 주 작업의 개선사항
- 참깨잎이 황색으로 변하고 말라가는 현상은 마그네슘과 칼슘 부족으로 인한 것일 수 있습니다.
- 농약을 사용하여 해결하신 것은 좋지만, 추가적으로 토양에 마그네슘과 칼슘을 보충하는 비료를 사용하는 것이 도움이 될 수 있습니다.
- 토양의 영양 상태를 확인하고 부족한 영양소를 보충하는 것이 참참참깨의 건강한 성장을 돕는 방법입니다.

### 다음 주의 작업
- 토양의 영양 상태를 정확히 파악하여 부족한 영양소를 보충해주세요.
- 참참참깨의 성장 상태를 지속적으로 관찰하고, 필요한 경우에는 농약이 아닌 자연적인 방법으로 해결해보세요.
- 농약 사용 시에는 안전을 위해 사용 방법을 정확히 숙지하고, 권장량을 지켜주시기 바랍니다.
- 참참참깨의 잎이 다시 건강해지고 성장하는 모습을 지켜보며, 필요한 조치를 취해주시기 바랍니다.
- 햇빛과 물을 적절히 공급하여 참참참깨가 건강하게 자라도록 도와주세요.
- 토양의 영양 상태를 유지하고, 농약 사용을 최소화하여 자연적인 방법으로 참참참깨를 키워보세요.
- 참참참깨의 성장을 지속적으로 관찰하고, 필요한 경우에는 전문가의 조언을 받아보세요.');
INSERT INTO bartter.crop_report (crop_id, crop_report_id, user_id, created_at, updated_at, crop_report_title, crop_report_content) VALUES (1, 4, 6, '2024-08-12 08:10:01', '2024-08-12 17:49:27', '참참참깨의 6월 3주차 재배 요약 보고서', '### 지난 주의 작업 요약
참참참깨에 대한 관리로 곁순을 제거하고 더욱 건강한 성장을 돕는 노력을 기울이셨군요. 여름이 시작되면서 농사가 더욱 힘들어지고 있음을 느끼고 계시는 것 같습니다.

### 지난 주 작업의 개선사항
- 여름철에는 더욱 더 물주기와 영양분 공급이 중요합니다. 더위에 의한 수분 손실을 보충하기 위해 물을 충분히 주세요.
- 참참참깨가 더욱 건강하게 자라기 위해서는 영양분이 필요합니다. 비료를 추가하여 영양분을 보충해주는 것이 좋습니다.
- 더위에 의한 스트레스를 줄이기 위해 참참참깨를 그늘진 곳에 위치시키거나 일정 시간 동안 그늘막을 설치해주세요.

### 다음 주의 작업
- 여름철 더위에도 물을 충분히 주어 참참참깨가 건강하게 성장할 수 있도록 관리해주세요.
- 영양분을 보충하기 위해 적절한 비료를 사용하여 참참참깨에 영양을 공급해주세요.
- 더위에 의한 스트레스를 줄이기 위해 그늘진 곳에 위치시키거나 그늘막을 설치하여 참참참깨를 보호해주세요.
- 참참참깨의 성장 상태를 지속적으로 관찰하고, 필요한 조치를 취하여 건강한 상태를 유지해주세요.
- 더위에도 물을 충분히 주고, 영양분을 공급하여 참참참깨가 건강하게 자라도록 도와주세요.
- 참참참깨의 생장 상태를 기록하고, 필요한 경우에는 전문가의 조언을 구하여 더 나은 관리 방법을 찾아보세요.
- 여름철에는 더욱 더 신경 써야할 때입니다. 참참참깨에 대한 관리를 소홀히하지 않고 꾸준히 관찰하며 관리해주세요.');
INSERT INTO bartter.crop_report (crop_id, crop_report_id, user_id, created_at, updated_at, crop_report_title, crop_report_content) VALUES (1, 5, 6, '2024-08-12 08:12:23', '2024-08-12 17:49:33', '참참참깨의 6월 4주차 재배 요약 보고서', '### 지난 주의 작업 요약
비바람에 쓰러지지 않도록 지지대를 세우고 허릿줄을 쳐주는 등 참참참깨에 대한 적극적인 관리를 실시하셨습니다. 농사에 대한 성실한 태도가 보여 좋습니다.

### 지난 주 작업의 개선사항
- 참참참깨가 안정적으로 자라기 위해서는 지지대가 중요합니다. 추가적인 지지대를 설치하거나 기존 지지대를 더 견고하게 고정해보세요.
- 허릿줄을 쳐주는 것도 좋지만, 참참참깨가 성장하는 동안 주기적으로 관찰하며 필요한 조치를 취하는 것이 중요합니다.

### 다음 주의 작업
- 지지대가 안정적으로 설치되었는지 확인하고 필요하다면 보강 작업을 진행해주세요.
- 참참참깨의 성장을 돕기 위해 적절한 비료나 영양제를 공급해보세요.
- 참참참깨 주변의 잡초를 제거하고, 병충해에 대비하여 주기적으로 식물을 점검해보세요.
- 물을 주는 양과 빈도를 조절하여 참참참깨가 적정한 수분을 유지할 수 있도록 관리해보세요.
- 참참참깨의 성장 상태를 기록하고, 적절한 조치를 취할 수 있도록 주의깊게 관찰해주세요.
- 참참참깨가 안정적으로 자라도록 지속적인 관리와 주의가 필요합니다. 소중히 돌봐주세요.
- 작물 성장을 돕기 위해 햇빛이 충분히 들어오는 장소에 위치시키세요.');
INSERT INTO bartter.crop_report (crop_id, crop_report_id, user_id, created_at, updated_at, crop_report_title, crop_report_content) VALUES (1, 6, 6, '2024-08-12 08:13:37', '2024-08-12 17:49:33', '참참참깨의 7월 2주차 재배 요약 보고서', '### 지난 주의 작업 요약
바람이 강하게 불어 두 번째 허릿줄을 쳐주는 등 참참참깨에 대한 적절한 관리를 실시하셨습니다. 농작물이 순조롭게 자라고 있어 다음달에 수확을 기대할 수 있을 것으로 보입니다.

### 지난 주 작업의 개선사항
- 바람이 강하게 불어 허릿줄을 쳐주는 것은 농작물을 보호하는 좋은 조치입니다. 추가적으로 허릿줄을 더 견고하게 고정하여 바람에 흔들리지 않도록 해주세요.
- 수확을 기대하는 마음이 좋지만, 수확 시기에 대한 계획을 세워 농작물의 최적 상태에서 수확할 수 있도록 준비해보세요.

### 다음 주의 작업
- 허릿줄을 더 견고하게 고정하여 바람에 흔들리지 않도록 해주세요.
- 물주기와 영양 공급을 조절하여 참참참깨가 건강하게 자라도록 관리해주세요.
- 수확을 위한 준비를 시작하여 수확 시기에 대비해주세요.
- 농작물의 상태를 지속적으로 관찰하고, 필요한 조치를 취하여 더 나은 수확을 위한 노력을 기울여주세요.
- 농작물의 성장 상태를 기록하여 추후 비교하고 발전시킬 수 있도록 노력해주세요.
- 다음 주에는 농작물의 생장 상태를 더 자세히 관찰하고, 필요한 관리를 시행하여 수확을 준비해주세요.
- 농작물의 성장 속도와 상태에 따라 적절한 조치를 취하여 더 나은 수확을 위한 노력을 계속해주세요.');
INSERT INTO bartter.crop_report (crop_id, crop_report_id, user_id, created_at, updated_at, crop_report_title, crop_report_content) VALUES (1, 7, 6, '2024-08-12 08:47:26', '2024-08-12 17:49:33', '참참참깨의 8월 3주차 재배 요약 보고서', '### 지난 주의 작업 요약
참깨밭에 대한 관리를 소홀히 하다가 풀이 엄청 자란 것을 발견하고 제초작업을 진행하셨습니다. 참깨를 베고 묶어 세우는 등 노력을 기울이는 모습이 보입니다. 새벽에 아내분과 함께 참깨를 베고 오신 노고도 인상적입니다.

### 지난 주 작업의 개선사항
- 참깨밭의 풀이 엄청 자란 것을 발견하셨다면, 향후에는 정기적으로 제초작업을 실시하여 풀이 너무 자라지 않도록 주의해야 합니다. 농작물의 성장을 방해하는 잡초는 빠르게 제거하는 것이 중요합니다.
- 소나기가 자주 오는 것으로 걱정하고 계신데, 참깨가 물에 잠기지 않도록 적절한 배수 시설을 마련하고, 흙이 너무 젖지 않도록 주의해야 합니다.
- 참깨를 베고 묶는 작업이 힘들고 고생스러우셨다는데, 작업 시간을 분배하여 몸에 부담이 되지 않도록 조절하고, 적절한 휴식을 취하는 것이 중요합니다.

### 다음 주의 작업
- 참깨밭의 제초작업을 꾸준히 실시하여 잡초의 성장을 억제해주세요.
- 소나기에 대비하여 참깨밭의 배수 상태를 확인하고 필요한 조치를 취해주세요.
- 참깨를 베고 묶는 작업을 보다 효율적으로 진행하기 위해 작업 방법을 개선해보세요.
- 참깨를 털다가 고생하셨다는데, 털기 쉬운 방법이나 도구를 활용하여 효율적으로 수확할 수 있는 방법을 찾아보세요.
- 참깨를 아들에게 나눠주는 것은 좋은 아이디어입니다. 더 많은 사람들과 나누어 보면서 소통과 나눔의 가치를 높이세요.
- 참깨의 성장 상태를 지속적으로 관찰하고, 필요한 관리를 통해 건강하게 자라도록 도와주세요.
- 참깨를 털 때 몸에 부담이 되지 않도록 적절한 자세와 휴식을 취하며, 건강을 유지하도록 노력해주세요.');
INSERT INTO bartter.crop_report (crop_id, crop_report_id, user_id, created_at, updated_at, crop_report_title, crop_report_content) VALUES (2, 8, 6, '2024-08-12 08:47:34', '2024-08-12 17:49:33', '오이시쿠나레의 8월 3주차 재배 요약 보고서', '### 지난 주의 작업 요약
오이시쿠나레가 거름을 주니 잘 자란 모습을 확인하셨습니다. 오이에 대한 세심한 관찰과 관리가 보이며, 농사에 대한 애정이 느껴집니다.

### 지난 주 작업의 개선사항
- 오이 모종 덩굴을 올리고 유인하는 작업을 했지만, 오이 열리지 않게 솎아주는 작업은 조심스럽게 해야 합니다. 오이의 성장을 방해할 수 있으므로 민감한 손길로 작업해야 합니다.
- 유인작업을 진행할 때 철파이프와 끈, 집게를 사용하는 것은 좋은 아이디어입니다. 그러나 유인작업을 마친 후에는 도구들을 청소하고 보관해두는 것이 중요합니다.

### 다음 주의 작업
- 오이 모종의 성장을 돕기 위해 더 많은 햇빛과 적절한 온도를 유지해주세요.
- 오이 열리지 않게 솎아주는 작업을 할 때 섬세한 손길로 신중하게 진행해주세요.
- 유인작업을 할 때 도구들을 깨끗하게 관리하고 보관하여 오이 재배에 더욱 효율적으로 활용해보세요.
- 오이시쿠나레의 건강한 성장을 위해 토양의 수분 상태와 영양 공급을 체크하고 필요한 조치를 취해주세요.
- 오이의 열림을 조절하는 작업을 신중하게 진행하며, 오이가 건강하게 자라도록 지속적인 관찰과 관리를 이어가세요.
- 추석 전후에 수확할 수 있도록 노지에 다다기오이 모종을 신중하게 관찰하고 필요한 조치를 취해주세요.
- 오이 모종의 성장 상태를 지속적으로 확인하고, 필요한 경우 적절한 관리를 통해 오이시쿠나레가 건강하게 자라도록 도와주세요.');
INSERT INTO bartter.crop_report (crop_id, crop_report_id, user_id, created_at, updated_at, crop_report_title, crop_report_content) VALUES (4, 9, 15, '2024-08-12 08:47:45', '2024-08-12 17:49:36', '왕토마토의 8월 3주차 재배 요약 보고서', '### 지난 주의 작업 요약
토마토가 갈라져있다는 문제에 대해 관심을 가지고 조언을 구하시는 모습이 좋습니다. 또한 토마토를 수확하여 가족들에게 건강식으로 제공한 것은 칭찬할 만한 일입니다.

### 지난 주 작업의 개선사항
- 토마토가 갈라져있다면, 이는 열과현상으로 인한 것일 수 있습니다. 토마토가 갈라지는 이유는 다양하지만, 온도 변화나 수분 관리 등이 영향을 줄 수 있습니다. 향후 토마토의 성장 환경을 안정화시키는 것이 중요합니다.
- 복합비료를 추가하신 것은 좋은 선택입니다. 토마토에 필요한 영양분을 충분히 공급하여 건강한 성장을 도울 수 있습니다.
- 토마토를 수확하여 원액쥬스를 만들어 가족들에게 제공한 것은 훌륭한 행동입니다. 하지만 토마토를 수확할 때는 너무 빨리 수확하지 않도록 주의해야 합니다. 토마토가 완전히 익어야 최상의 맛과 영양을 누릴 수 있습니다.

### 다음 주의 작업
- 토마토가 갈라지는 현상을 방지하기 위해 온도와 습도를 안정적으로 유지해주세요.
- 토마토의 성장을 돕기 위해 복합비료를 주기적으로 추가하며, 토양의 영양 상태를 확인하여 필요한 조치를 취해주세요.
- 토마토를 수확할 때는 익은 정도를 주의깊게 살피고, 너무 이른 수확은 맛과 영양을 해칠 수 있으니 주의해주세요.
- 토마토의 수확 주기와 방법을 고려하여 더 맛있고 영양가 있는 토마토를 재배해보세요.
- 토마토의 건강한 성장을 위해 병충해 관리에 신경써주세요.
- 토마토의 수확 후에는 적절한 보관 방법을 고려하여 신선함을 유지하고, 가족들에게 건강한 식품으로 제공해주세요.
- 토마토 재배를 통해 가족들과의 소중한 시간을 더 많이 보내며, 건강하고 맛있는 토마토를 키워보세요.');
INSERT INTO bartter.crop_report (crop_id, crop_report_id, user_id, created_at, updated_at, crop_report_title, crop_report_content) VALUES (5, 10, 16, '2024-08-12 08:47:56', '2024-08-12 17:49:36', '초록이의 8월 3주차 재배 요약 보고서', '### 지난 주의 작업 요약
초록이 상추가 싱싱하게 잘 자라고 있어서 물을 주고 잡초를 제거하는 등 적절한 관리를 해주셨습니다. 상추에 대한 관심과 노력이 보여 좋습니다. 벌레와 비에 대한 문제를 발견하셨는데, 조기 대응으로 상황을 잘 관리하고 계시는 모습이 보입니다.

### 지난 주 작업의 개선사항
- 벌레에 대한 조기 대응이 중요합니다. 벌레가 잎을 갉아먹는 것을 방지하기 위해 벌레를 조기에 제거하거나 자연적인 방법으로 방제하는 것이 좋습니다.
- 잎이 비에 맞아 썩는 것은 상추의 품질을 저하시킬 수 있습니다. 비 후에는 잎이 너무 젖지 않도록 통풍을 유지하고, 썩은 부분은 제거하여 상추를 보존해주세요.
- 장마철에는 고습과 고온으로 인해 병충해가 발생할 가능성이 높습니다. 병충해 예방을 위해 정기적인 관찰과 적절한 대처가 필요합니다.

### 다음 주의 작업
- 벌레에 대한 조기 대응을 위해 상추를 정기적으로 검사하고, 필요한 경우 벌레를 제거하는 작업을 실시해주세요.
- 비 후에는 상추의 상태를 주의깊게 관찰하여 썩은 부분을 제거하고, 통풍을 유지하여 상추를 건강하게 유지해주세요.
- 장마철을 대비하여 병충해 예방을 위한 방법을 찾아보고, 상추의 상태를 지속적으로 모니터링하여 적절한 조치를 취해주세요.
- 상추의 성장을 돕기 위해 비료를 추가하고, 토양의 영양 상태를 유지하는 작업을 실시해주세요.
- 상추의 생장 상태를 관찰하고, 필요한 관리를 계속 진행하여 건강하고 맛있는 상추를 키우는 데 노력해주세요.
- 상추의 잎이 갉아먹히는 것을 방지하기 위해 자연적인 방제법을 찾아보고, 상추를 보호하는 방법을 실천해주세요.
- 장마철을 맞아 상추가 썩는 것을 방지하기 위해 적절한 관리와 보존 방법을 찾아보고, 상추를 잘 보존해주세요.');


-- daily_tip

INSERT INTO bartter.daily_tip (daily_tip_id, created_at, updated_at, daily_tip_content, daily_tip_is_enabled,
                               daily_tip_weekday, user_id)
VALUES (1, '2024-08-11 11:32:12', '2024-08-11 11:32:12', '무엇을 키울지 모르겠다면 작물 추천 서비스를 이용해 보세요', true, 1, 1);
INSERT INTO bartter.daily_tip (daily_tip_id, created_at, updated_at, daily_tip_content, daily_tip_is_enabled,
                               daily_tip_weekday, user_id)
VALUES (2, '2024-08-11 11:32:12', '2024-08-11 11:32:12', '농사일지를 구체적으로 쓸수록 요약 리포트와 알람의 내용이 풍부해져요', true, 2, 1);
INSERT INTO bartter.daily_tip (daily_tip_id, created_at, updated_at, daily_tip_content, daily_tip_is_enabled,
                               daily_tip_weekday, user_id)
VALUES (3, '2024-08-11 11:32:12', '2024-08-11 11:32:12', '작물별로 농사 일지를 작성해 보세요', true, 3, 1);
INSERT INTO bartter.daily_tip (daily_tip_id, created_at, updated_at, daily_tip_content, daily_tip_is_enabled,
                               daily_tip_weekday, user_id)
VALUES (4, '2024-08-11 11:32:12', '2024-08-11 11:32:12', '내가 키우는 농작물을 등록하고 관리해보세요', true, 4, 1);
INSERT INTO bartter.daily_tip (daily_tip_id, created_at, updated_at, daily_tip_content, daily_tip_is_enabled,
                               daily_tip_weekday, user_id)
VALUES (5, '2024-08-11 11:32:12', '2024-08-11 11:32:12', '이웃이 나누는 농작물을 받아보세요', true, 5, 1);
INSERT INTO bartter.daily_tip (daily_tip_id, created_at, updated_at, daily_tip_content, daily_tip_is_enabled,
                               daily_tip_weekday, user_id)
VALUES (6, '2024-08-11 11:32:12', '2024-08-11 11:32:12', '동네모임에서 동네 이웃들과 소통해보세요', true, 6, 1);
INSERT INTO bartter.daily_tip (daily_tip_id, created_at, updated_at, daily_tip_content, daily_tip_is_enabled,
                               daily_tip_weekday, user_id)
VALUES (7, '2024-08-11 11:32:12', '2024-08-11 11:32:12', '넘치는 농작물을 이웃과 나눠보세요', true, 7, 1);
INSERT INTO bartter.daily_tip (daily_tip_id, created_at, updated_at, daily_tip_content, daily_tip_is_enabled,
                               daily_tip_weekday, user_id)
VALUES (8, '2024-08-11 11:32:12', '2024-08-11 11:32:12', '동네모임에서 동네 이웃들과 소통해보세요', true, 1, 2);
INSERT INTO bartter.daily_tip (daily_tip_id, created_at, updated_at, daily_tip_content, daily_tip_is_enabled,
                               daily_tip_weekday, user_id)
VALUES (9, '2024-08-11 11:32:12', '2024-08-11 11:32:12', '이웃이 나누는 농작물을 받아보세요', true, 2, 2);
INSERT INTO bartter.daily_tip (daily_tip_id, created_at, updated_at, daily_tip_content, daily_tip_is_enabled,
                               daily_tip_weekday, user_id)
VALUES (10, '2024-08-11 11:32:12', '2024-08-11 11:32:12', '농사일지를 구체적으로 쓸수록 요약 리포트와 알람의 내용이 풍부해져요', true, 3, 2);
INSERT INTO bartter.daily_tip (daily_tip_id, created_at, updated_at, daily_tip_content, daily_tip_is_enabled,
                               daily_tip_weekday, user_id)
VALUES (11, '2024-08-11 11:32:12', '2024-08-11 11:32:12', '작물별로 농사 일지를 작성해 보세요', true, 4, 2);
INSERT INTO bartter.daily_tip (daily_tip_id, created_at, updated_at, daily_tip_content, daily_tip_is_enabled,
                               daily_tip_weekday, user_id)
VALUES (12, '2024-08-11 11:32:12', '2024-08-11 11:32:12', '무엇을 키울지 모르겠다면 작물 추천 서비스를 이용해 보세요', true, 5, 2);
INSERT INTO bartter.daily_tip (daily_tip_id, created_at, updated_at, daily_tip_content, daily_tip_is_enabled,
                               daily_tip_weekday, user_id)
VALUES (13, '2024-08-11 11:32:12', '2024-08-11 11:32:12', '넘치는 농작물을 이웃과 나눠보세요', true, 6, 2);
INSERT INTO bartter.daily_tip (daily_tip_id, created_at, updated_at, daily_tip_content, daily_tip_is_enabled,
                               daily_tip_weekday, user_id)
VALUES (14, '2024-08-11 11:32:12', '2024-08-11 11:32:12', '내가 키우는 농작물을 등록하고 관리해보세요', true, 7, 2);
INSERT INTO bartter.daily_tip (daily_tip_id, created_at, updated_at, daily_tip_content, daily_tip_is_enabled,
                               daily_tip_weekday, user_id)
VALUES (15, '2024-08-11 11:32:12', '2024-08-11 11:32:12', '이웃이 나누는 농작물을 받아보세요', true, 1, 3);
INSERT INTO bartter.daily_tip (daily_tip_id, created_at, updated_at, daily_tip_content, daily_tip_is_enabled,
                               daily_tip_weekday, user_id)
VALUES (16, '2024-08-11 11:32:12', '2024-08-11 11:32:12', '동네모임에서 동네 이웃들과 소통해보세요', true, 2, 3);
INSERT INTO bartter.daily_tip (daily_tip_id, created_at, updated_at, daily_tip_content, daily_tip_is_enabled,
                               daily_tip_weekday, user_id)
VALUES (17, '2024-08-11 11:32:12', '2024-08-11 11:32:12', '무엇을 키울지 모르겠다면 작물 추천 서비스를 이용해 보세요', true, 3, 3);
INSERT INTO bartter.daily_tip (daily_tip_id, created_at, updated_at, daily_tip_content, daily_tip_is_enabled,
                               daily_tip_weekday, user_id)
VALUES (18, '2024-08-11 11:32:12', '2024-08-11 11:32:12', '농사일지를 구체적으로 쓸수록 요약 리포트와 알람의 내용이 풍부해져요', true, 4, 3);
INSERT INTO bartter.daily_tip (daily_tip_id, created_at, updated_at, daily_tip_content, daily_tip_is_enabled,
                               daily_tip_weekday, user_id)
VALUES (19, '2024-08-11 11:32:12', '2024-08-11 11:32:12', '내가 키우는 농작물을 등록하고 관리해보세요', true, 5, 3);
INSERT INTO bartter.daily_tip (daily_tip_id, created_at, updated_at, daily_tip_content, daily_tip_is_enabled,
                               daily_tip_weekday, user_id)
VALUES (20, '2024-08-11 11:32:12', '2024-08-11 11:32:12', '작물별로 농사 일지를 작성해 보세요', true, 6, 3);
INSERT INTO bartter.daily_tip (daily_tip_id, created_at, updated_at, daily_tip_content, daily_tip_is_enabled,
                               daily_tip_weekday, user_id)
VALUES (21, '2024-08-11 11:32:12', '2024-08-11 11:32:12', '넘치는 농작물을 이웃과 나눠보세요', true, 7, 3);
INSERT INTO bartter.daily_tip (daily_tip_id, created_at, updated_at, daily_tip_content, daily_tip_is_enabled,
                               daily_tip_weekday, user_id)
VALUES (22, '2024-08-11 11:32:12', '2024-08-11 11:32:12', '무엇을 키울지 모르겠다면 작물 추천 서비스를 이용해 보세요', true, 1, 4);
INSERT INTO bartter.daily_tip (daily_tip_id, created_at, updated_at, daily_tip_content, daily_tip_is_enabled,
                               daily_tip_weekday, user_id)
VALUES (23, '2024-08-11 11:32:12', '2024-08-11 11:32:12', '동네모임에서 동네 이웃들과 소통해보세요', true, 2, 4);
INSERT INTO bartter.daily_tip (daily_tip_id, created_at, updated_at, daily_tip_content, daily_tip_is_enabled,
                               daily_tip_weekday, user_id)
VALUES (24, '2024-08-11 11:32:12', '2024-08-11 11:32:12', '이웃이 나누는 농작물을 받아보세요', true, 3, 4);
INSERT INTO bartter.daily_tip (daily_tip_id, created_at, updated_at, daily_tip_content, daily_tip_is_enabled,
                               daily_tip_weekday, user_id)
VALUES (25, '2024-08-11 11:32:12', '2024-08-11 11:32:12', '내가 키우는 농작물을 등록하고 관리해보세요', true, 4, 4);
INSERT INTO bartter.daily_tip (daily_tip_id, created_at, updated_at, daily_tip_content, daily_tip_is_enabled,
                               daily_tip_weekday, user_id)
VALUES (26, '2024-08-11 11:32:12', '2024-08-11 11:32:12', '넘치는 농작물을 이웃과 나눠보세요', true, 5, 4);
INSERT INTO bartter.daily_tip (daily_tip_id, created_at, updated_at, daily_tip_content, daily_tip_is_enabled,
                               daily_tip_weekday, user_id)
VALUES (27, '2024-08-11 11:32:12', '2024-08-11 11:32:12', '작물별로 농사 일지를 작성해 보세요', true, 6, 4);
INSERT INTO bartter.daily_tip (daily_tip_id, created_at, updated_at, daily_tip_content, daily_tip_is_enabled,
                               daily_tip_weekday, user_id)
VALUES (28, '2024-08-11 11:32:12', '2024-08-11 11:32:12', '농사일지를 구체적으로 쓸수록 요약 리포트와 알람의 내용이 풍부해져요', true, 7, 4);
INSERT INTO bartter.daily_tip (daily_tip_id, created_at, updated_at, daily_tip_content, daily_tip_is_enabled,
                               daily_tip_weekday, user_id)
VALUES (29, '2024-08-11 11:32:12', '2024-08-11 11:32:12', '이웃이 나누는 농작물을 받아보세요', true, 1, 5);
INSERT INTO bartter.daily_tip (daily_tip_id, created_at, updated_at, daily_tip_content, daily_tip_is_enabled,
                               daily_tip_weekday, user_id)
VALUES (30, '2024-08-11 11:32:12', '2024-08-11 11:32:12', '동네모임에서 동네 이웃들과 소통해보세요', true, 2, 5);
INSERT INTO bartter.daily_tip (daily_tip_id, created_at, updated_at, daily_tip_content, daily_tip_is_enabled,
                               daily_tip_weekday, user_id)
VALUES (31, '2024-08-11 11:32:12', '2024-08-11 11:32:12', '무엇을 키울지 모르겠다면 작물 추천 서비스를 이용해 보세요', true, 3, 5);
INSERT INTO bartter.daily_tip (daily_tip_id, created_at, updated_at, daily_tip_content, daily_tip_is_enabled,
                               daily_tip_weekday, user_id)
VALUES (32, '2024-08-11 11:32:12', '2024-08-11 11:32:12', '내가 키우는 농작물을 등록하고 관리해보세요', true, 4, 5);
INSERT INTO bartter.daily_tip (daily_tip_id, created_at, updated_at, daily_tip_content, daily_tip_is_enabled,
                               daily_tip_weekday, user_id)
VALUES (33, '2024-08-11 11:32:12', '2024-08-11 11:32:12', '작물별로 농사 일지를 작성해 보세요', true, 5, 5);
INSERT INTO bartter.daily_tip (daily_tip_id, created_at, updated_at, daily_tip_content, daily_tip_is_enabled,
                               daily_tip_weekday, user_id)
VALUES (34, '2024-08-11 11:32:12', '2024-08-11 11:32:12', '농사일지를 구체적으로 쓸수록 요약 리포트와 알람의 내용이 풍부해져요', true, 6, 5);
INSERT INTO bartter.daily_tip (daily_tip_id, created_at, updated_at, daily_tip_content, daily_tip_is_enabled,
                               daily_tip_weekday, user_id)
VALUES (35, '2024-08-11 11:32:12', '2024-08-11 11:32:12', '넘치는 농작물을 이웃과 나눠보세요', true, 7, 5);
INSERT INTO bartter.daily_tip (daily_tip_id, created_at, updated_at, daily_tip_content, daily_tip_is_enabled,
                               daily_tip_weekday, user_id)
VALUES (36, '2024-08-11 11:32:34', '2024-08-11 11:32:34', '참깨를 베고 나누는 작업을 할 때 힘들었다면, 털기 쉽게 하는 도구를 활용하거나 작업 방법을 개선해보세요',
        true, 1, 6);
INSERT INTO bartter.daily_tip (daily_tip_id, created_at, updated_at, daily_tip_content, daily_tip_is_enabled,
                               daily_tip_weekday, user_id)
VALUES (37, '2024-08-11 11:32:34', '2024-08-11 11:32:34', '참깨밭의 풀 관리를 더욱 신경써서 제초 작업을 꾸준히 이어나가 주세요', true, 2, 6);
INSERT INTO bartter.daily_tip (daily_tip_id, created_at, updated_at, daily_tip_content, daily_tip_is_enabled,
                               daily_tip_weekday, user_id)
VALUES (38, '2024-08-11 11:32:34', '2024-08-11 11:32:34',
        '다음 주에는 오이시쿠나레의 덩굴이 올라가는 모습을 계속 지켜보면서 필요한 지지봉이나 끈 등을 추가로 설치해주세요', true, 3, 6);
INSERT INTO bartter.daily_tip (daily_tip_id, created_at, updated_at, daily_tip_content, daily_tip_is_enabled,
                               daily_tip_weekday, user_id)
VALUES (39, '2024-08-11 11:32:34', '2024-08-11 11:32:34',
        '농사일지를 작성하면서 작업의 세부 내용을 자세히 기록하여 더욱 효율적인 농사 경영을 할 수 있도록 노력해주세요', true, 4, 6);
INSERT INTO bartter.daily_tip (daily_tip_id, created_at, updated_at, daily_tip_content, daily_tip_is_enabled,
                               daily_tip_weekday, user_id)
VALUES (40, '2024-08-11 11:32:34', '2024-08-11 11:32:34',
        '참깨를 나눠줄 때는 아들과 함께 즐겁게 작업하며, 더 많은 사람들과 나누는 소통의 기회를 가질 수 있도록 노력해주세요', true, 5, 6);
INSERT INTO bartter.daily_tip (daily_tip_id, created_at, updated_at, daily_tip_content, daily_tip_is_enabled,
                               daily_tip_weekday, user_id)
VALUES (41, '2024-08-11 11:32:34', '2024-08-11 11:32:34',
        '풀이 자라는 것을 예방하기 위해 참깨밭을 더욱 꾸준히 관리하고, 생장 상태를 기록하여 성장 추이를 파악해보세요', true, 6, 6);
INSERT INTO bartter.daily_tip (daily_tip_id, created_at, updated_at, daily_tip_content, daily_tip_is_enabled,
                               daily_tip_weekday, user_id)
VALUES (42, '2024-08-11 11:32:34', '2024-08-11 11:32:34', '노지에 오이를 심은 후에는 오이의 생장 상태를 주기적으로 기록하여 성장 추이를 확인하고 관리에 반영해주세요',
        true, 7, 6);
INSERT INTO bartter.daily_tip (daily_tip_id, created_at, updated_at, daily_tip_content, daily_tip_is_enabled,
                               daily_tip_weekday, user_id)
VALUES (43, '2024-08-11 11:32:34', '2024-08-11 11:32:34', '동네모임에서 동네 이웃들과 소통해보세요', true, 1, 7);
INSERT INTO bartter.daily_tip (daily_tip_id, created_at, updated_at, daily_tip_content, daily_tip_is_enabled,
                               daily_tip_weekday, user_id)
VALUES (44, '2024-08-11 11:32:34', '2024-08-11 11:32:34', '작물별로 농사 일지를 작성해 보세요', true, 2, 7);
INSERT INTO bartter.daily_tip (daily_tip_id, created_at, updated_at, daily_tip_content, daily_tip_is_enabled,
                               daily_tip_weekday, user_id)
VALUES (45, '2024-08-11 11:32:34', '2024-08-11 11:32:34', '농사일지를 구체적으로 쓸수록 요약 리포트와 알람의 내용이 풍부해져요', true, 3, 7);
INSERT INTO bartter.daily_tip (daily_tip_id, created_at, updated_at, daily_tip_content, daily_tip_is_enabled,
                               daily_tip_weekday, user_id)
VALUES (46, '2024-08-11 11:32:34', '2024-08-11 11:32:34', '내가 키우는 농작물을 등록하고 관리해보세요', true, 4, 7);
INSERT INTO bartter.daily_tip (daily_tip_id, created_at, updated_at, daily_tip_content, daily_tip_is_enabled,
                               daily_tip_weekday, user_id)
VALUES (47, '2024-08-11 11:32:34', '2024-08-11 11:32:34', '무엇을 키울지 모르겠다면 작물 추천 서비스를 이용해 보세요', true, 5, 7);
INSERT INTO bartter.daily_tip (daily_tip_id, created_at, updated_at, daily_tip_content, daily_tip_is_enabled,
                               daily_tip_weekday, user_id)
VALUES (48, '2024-08-11 11:32:34', '2024-08-11 11:32:34', '넘치는 농작물을 이웃과 나눠보세요', true, 6, 7);
INSERT INTO bartter.daily_tip (daily_tip_id, created_at, updated_at, daily_tip_content, daily_tip_is_enabled,
                               daily_tip_weekday, user_id)
VALUES (49, '2024-08-11 11:32:34', '2024-08-11 11:32:34', '이웃이 나누는 농작물을 받아보세요', true, 7, 7);
INSERT INTO bartter.daily_tip (daily_tip_id, created_at, updated_at, daily_tip_content, daily_tip_is_enabled,
                               daily_tip_weekday, user_id)
VALUES (50, '2024-08-11 11:32:34', '2024-08-11 11:32:34', '무엇을 키울지 모르겠다면 작물 추천 서비스를 이용해 보세요', true, 1, 8);
INSERT INTO bartter.daily_tip (daily_tip_id, created_at, updated_at, daily_tip_content, daily_tip_is_enabled,
                               daily_tip_weekday, user_id)
VALUES (51, '2024-08-11 11:32:34', '2024-08-11 11:32:34', '동네모임에서 동네 이웃들과 소통해보세요', true, 2, 8);
INSERT INTO bartter.daily_tip (daily_tip_id, created_at, updated_at, daily_tip_content, daily_tip_is_enabled,
                               daily_tip_weekday, user_id)
VALUES (52, '2024-08-11 11:32:34', '2024-08-11 11:32:34', '이웃이 나누는 농작물을 받아보세요', true, 3, 8);
INSERT INTO bartter.daily_tip (daily_tip_id, created_at, updated_at, daily_tip_content, daily_tip_is_enabled,
                               daily_tip_weekday, user_id)
VALUES (53, '2024-08-11 11:32:34', '2024-08-11 11:32:34', '내가 키우는 농작물을 등록하고 관리해보세요', true, 4, 8);
INSERT INTO bartter.daily_tip (daily_tip_id, created_at, updated_at, daily_tip_content, daily_tip_is_enabled,
                               daily_tip_weekday, user_id)
VALUES (54, '2024-08-11 11:32:34', '2024-08-11 11:32:34', '넘치는 농작물을 이웃과 나눠보세요', true, 5, 8);
INSERT INTO bartter.daily_tip (daily_tip_id, created_at, updated_at, daily_tip_content, daily_tip_is_enabled,
                               daily_tip_weekday, user_id)
VALUES (55, '2024-08-11 11:32:34', '2024-08-11 11:32:34', '농사일지를 구체적으로 쓸수록 요약 리포트와 알람의 내용이 풍부해져요', true, 6, 8);
INSERT INTO bartter.daily_tip (daily_tip_id, created_at, updated_at, daily_tip_content, daily_tip_is_enabled,
                               daily_tip_weekday, user_id)
VALUES (56, '2024-08-11 11:32:34', '2024-08-11 11:32:34', '작물별로 농사 일지를 작성해 보세요', true, 7, 8);
INSERT INTO bartter.daily_tip (daily_tip_id, created_at, updated_at, daily_tip_content, daily_tip_is_enabled,
                               daily_tip_weekday, user_id)
VALUES (57, '2024-08-11 11:32:34', '2024-08-11 11:32:34', '작물별로 농사 일지를 작성해 보세요', true, 1, 9);
INSERT INTO bartter.daily_tip (daily_tip_id, created_at, updated_at, daily_tip_content, daily_tip_is_enabled,
                               daily_tip_weekday, user_id)
VALUES (58, '2024-08-11 11:32:34', '2024-08-11 11:32:34', '내가 키우는 농작물을 등록하고 관리해보세요', true, 2, 9);
INSERT INTO bartter.daily_tip (daily_tip_id, created_at, updated_at, daily_tip_content, daily_tip_is_enabled,
                               daily_tip_weekday, user_id)
VALUES (59, '2024-08-11 11:32:34', '2024-08-11 11:32:34', '넘치는 농작물을 이웃과 나눠보세요', true, 3, 9);
INSERT INTO bartter.daily_tip (daily_tip_id, created_at, updated_at, daily_tip_content, daily_tip_is_enabled,
                               daily_tip_weekday, user_id)
VALUES (60, '2024-08-11 11:32:34', '2024-08-11 11:32:34', '동네모임에서 동네 이웃들과 소통해보세요', true, 4, 9);
INSERT INTO bartter.daily_tip (daily_tip_id, created_at, updated_at, daily_tip_content, daily_tip_is_enabled,
                               daily_tip_weekday, user_id)
VALUES (61, '2024-08-11 11:32:34', '2024-08-11 11:32:34', '무엇을 키울지 모르겠다면 작물 추천 서비스를 이용해 보세요', true, 5, 9);
INSERT INTO bartter.daily_tip (daily_tip_id, created_at, updated_at, daily_tip_content, daily_tip_is_enabled,
                               daily_tip_weekday, user_id)
VALUES (62, '2024-08-11 11:32:34', '2024-08-11 11:32:34', '이웃이 나누는 농작물을 받아보세요', true, 6, 9);
INSERT INTO bartter.daily_tip (daily_tip_id, created_at, updated_at, daily_tip_content, daily_tip_is_enabled,
                               daily_tip_weekday, user_id)
VALUES (63, '2024-08-11 11:32:34', '2024-08-11 11:32:34', '농사일지를 구체적으로 쓸수록 요약 리포트와 알람의 내용이 풍부해져요', true, 7, 9);
INSERT INTO bartter.daily_tip (daily_tip_id, created_at, updated_at, daily_tip_content, daily_tip_is_enabled,
                               daily_tip_weekday, user_id)
VALUES (64, '2024-08-11 11:32:34', '2024-08-11 11:32:34', '농사일지를 구체적으로 쓸수록 요약 리포트와 알람의 내용이 풍부해져요', true, 1, 10);
INSERT INTO bartter.daily_tip (daily_tip_id, created_at, updated_at, daily_tip_content, daily_tip_is_enabled,
                               daily_tip_weekday, user_id)
VALUES (65, '2024-08-11 11:32:34', '2024-08-11 11:32:34', '넘치는 농작물을 이웃과 나눠보세요', true, 2, 10);
INSERT INTO bartter.daily_tip (daily_tip_id, created_at, updated_at, daily_tip_content, daily_tip_is_enabled,
                               daily_tip_weekday, user_id)
VALUES (66, '2024-08-11 11:32:34', '2024-08-11 11:32:34', '작물별로 농사 일지를 작성해 보세요', true, 3, 10);
INSERT INTO bartter.daily_tip (daily_tip_id, created_at, updated_at, daily_tip_content, daily_tip_is_enabled,
                               daily_tip_weekday, user_id)
VALUES (67, '2024-08-11 11:32:34', '2024-08-11 11:32:34', '이웃이 나누는 농작물을 받아보세요', true, 4, 10);
INSERT INTO bartter.daily_tip (daily_tip_id, created_at, updated_at, daily_tip_content, daily_tip_is_enabled,
                               daily_tip_weekday, user_id)
VALUES (68, '2024-08-11 11:32:34', '2024-08-11 11:32:34', '무엇을 키울지 모르겠다면 작물 추천 서비스를 이용해 보세요', true, 5, 10);
INSERT INTO bartter.daily_tip (daily_tip_id, created_at, updated_at, daily_tip_content, daily_tip_is_enabled,
                               daily_tip_weekday, user_id)
VALUES (69, '2024-08-11 11:32:34', '2024-08-11 11:32:34', '내가 키우는 농작물을 등록하고 관리해보세요', true, 6, 10);
INSERT INTO bartter.daily_tip (daily_tip_id, created_at, updated_at, daily_tip_content, daily_tip_is_enabled,
                               daily_tip_weekday, user_id)
VALUES (70, '2024-08-11 11:32:34', '2024-08-11 11:32:34', '동네모임에서 동네 이웃들과 소통해보세요', true, 7, 10);
INSERT INTO bartter.daily_tip (daily_tip_id, created_at, updated_at, daily_tip_content, daily_tip_is_enabled,
                               daily_tip_weekday, user_id)
VALUES (71, '2024-08-11 11:32:34', '2024-08-11 11:32:34', '농사일지를 구체적으로 쓸수록 요약 리포트와 알람의 내용이 풍부해져요', true, 1, 11);
INSERT INTO bartter.daily_tip (daily_tip_id, created_at, updated_at, daily_tip_content, daily_tip_is_enabled,
                               daily_tip_weekday, user_id)
VALUES (72, '2024-08-11 11:32:34', '2024-08-11 11:32:34', '무엇을 키울지 모르겠다면 작물 추천 서비스를 이용해 보세요', true, 2, 11);
INSERT INTO bartter.daily_tip (daily_tip_id, created_at, updated_at, daily_tip_content, daily_tip_is_enabled,
                               daily_tip_weekday, user_id)
VALUES (73, '2024-08-11 11:32:34', '2024-08-11 11:32:34', '작물별로 농사 일지를 작성해 보세요', true, 3, 11);
INSERT INTO bartter.daily_tip (daily_tip_id, created_at, updated_at, daily_tip_content, daily_tip_is_enabled,
                               daily_tip_weekday, user_id)
VALUES (74, '2024-08-11 11:32:34', '2024-08-11 11:32:34', '넘치는 농작물을 이웃과 나눠보세요', true, 4, 11);
INSERT INTO bartter.daily_tip (daily_tip_id, created_at, updated_at, daily_tip_content, daily_tip_is_enabled,
                               daily_tip_weekday, user_id)
VALUES (75, '2024-08-11 11:32:34', '2024-08-11 11:32:34', '동네모임에서 동네 이웃들과 소통해보세요', true, 5, 11);
INSERT INTO bartter.daily_tip (daily_tip_id, created_at, updated_at, daily_tip_content, daily_tip_is_enabled,
                               daily_tip_weekday, user_id)
VALUES (76, '2024-08-11 11:32:34', '2024-08-11 11:32:34', '내가 키우는 농작물을 등록하고 관리해보세요', true, 6, 11);
INSERT INTO bartter.daily_tip (daily_tip_id, created_at, updated_at, daily_tip_content, daily_tip_is_enabled,
                               daily_tip_weekday, user_id)
VALUES (77, '2024-08-11 11:32:34', '2024-08-11 11:32:34', '이웃이 나누는 농작물을 받아보세요', true, 7, 11);
INSERT INTO bartter.daily_tip (daily_tip_id, created_at, updated_at, daily_tip_content, daily_tip_is_enabled,
                               daily_tip_weekday, user_id)
VALUES (78, '2024-08-11 11:32:34', '2024-08-11 11:32:34', '무엇을 키울지 모르겠다면 작물 추천 서비스를 이용해 보세요', true, 1, 12);
INSERT INTO bartter.daily_tip (daily_tip_id, created_at, updated_at, daily_tip_content, daily_tip_is_enabled,
                               daily_tip_weekday, user_id)
VALUES (79, '2024-08-11 11:32:34', '2024-08-11 11:32:34', '작물별로 농사 일지를 작성해 보세요', true, 2, 12);
INSERT INTO bartter.daily_tip (daily_tip_id, created_at, updated_at, daily_tip_content, daily_tip_is_enabled,
                               daily_tip_weekday, user_id)
VALUES (80, '2024-08-11 11:32:34', '2024-08-11 11:32:34', '넘치는 농작물을 이웃과 나눠보세요', true, 3, 12);
INSERT INTO bartter.daily_tip (daily_tip_id, created_at, updated_at, daily_tip_content, daily_tip_is_enabled,
                               daily_tip_weekday, user_id)
VALUES (81, '2024-08-11 11:32:34', '2024-08-11 11:32:34', '농사일지를 구체적으로 쓸수록 요약 리포트와 알람의 내용이 풍부해져요', true, 4, 12);
INSERT INTO bartter.daily_tip (daily_tip_id, created_at, updated_at, daily_tip_content, daily_tip_is_enabled,
                               daily_tip_weekday, user_id)
VALUES (82, '2024-08-11 11:32:34', '2024-08-11 11:32:34', '동네모임에서 동네 이웃들과 소통해보세요', true, 5, 12);
INSERT INTO bartter.daily_tip (daily_tip_id, created_at, updated_at, daily_tip_content, daily_tip_is_enabled,
                               daily_tip_weekday, user_id)
VALUES (83, '2024-08-11 11:32:34', '2024-08-11 11:32:34', '내가 키우는 농작물을 등록하고 관리해보세요', true, 6, 12);
INSERT INTO bartter.daily_tip (daily_tip_id, created_at, updated_at, daily_tip_content, daily_tip_is_enabled,
                               daily_tip_weekday, user_id)
VALUES (84, '2024-08-11 11:32:34', '2024-08-11 11:32:34', '이웃이 나누는 농작물을 받아보세요', true, 7, 12);
INSERT INTO bartter.daily_tip (daily_tip_id, created_at, updated_at, daily_tip_content, daily_tip_is_enabled,
                               daily_tip_weekday, user_id)
VALUES (85, '2024-08-11 11:32:34', '2024-08-11 11:32:34', '이웃이 나누는 농작물을 받아보세요', true, 1, 13);
INSERT INTO bartter.daily_tip (daily_tip_id, created_at, updated_at, daily_tip_content, daily_tip_is_enabled,
                               daily_tip_weekday, user_id)
VALUES (86, '2024-08-11 11:32:34', '2024-08-11 11:32:34', '넘치는 농작물을 이웃과 나눠보세요', true, 2, 13);
INSERT INTO bartter.daily_tip (daily_tip_id, created_at, updated_at, daily_tip_content, daily_tip_is_enabled,
                               daily_tip_weekday, user_id)
VALUES (87, '2024-08-11 11:32:34', '2024-08-11 11:32:34', '내가 키우는 농작물을 등록하고 관리해보세요', true, 3, 13);
INSERT INTO bartter.daily_tip (daily_tip_id, created_at, updated_at, daily_tip_content, daily_tip_is_enabled,
                               daily_tip_weekday, user_id)
VALUES (88, '2024-08-11 11:32:34', '2024-08-11 11:32:34', '농사일지를 구체적으로 쓸수록 요약 리포트와 알람의 내용이 풍부해져요', true, 4, 13);
INSERT INTO bartter.daily_tip (daily_tip_id, created_at, updated_at, daily_tip_content, daily_tip_is_enabled,
                               daily_tip_weekday, user_id)
VALUES (89, '2024-08-11 11:32:34', '2024-08-11 11:32:34', '무엇을 키울지 모르겠다면 작물 추천 서비스를 이용해 보세요', true, 5, 13);
INSERT INTO bartter.daily_tip (daily_tip_id, created_at, updated_at, daily_tip_content, daily_tip_is_enabled,
                               daily_tip_weekday, user_id)
VALUES (90, '2024-08-11 11:32:34', '2024-08-11 11:32:34', '동네모임에서 동네 이웃들과 소통해보세요', true, 6, 13);
INSERT INTO bartter.daily_tip (daily_tip_id, created_at, updated_at, daily_tip_content, daily_tip_is_enabled,
                               daily_tip_weekday, user_id)
VALUES (91, '2024-08-11 11:32:34', '2024-08-11 11:32:34', '작물별로 농사 일지를 작성해 보세요', true, 7, 13);
INSERT INTO bartter.daily_tip (daily_tip_id, created_at, updated_at, daily_tip_content, daily_tip_is_enabled,
                               daily_tip_weekday, user_id)
VALUES (92, '2024-08-11 11:32:34', '2024-08-11 11:32:34', '내가 키우는 농작물을 등록하고 관리해보세요', true, 1, 14);
INSERT INTO bartter.daily_tip (daily_tip_id, created_at, updated_at, daily_tip_content, daily_tip_is_enabled,
                               daily_tip_weekday, user_id)
VALUES (93, '2024-08-11 11:32:34', '2024-08-11 11:32:34', '농사일지를 구체적으로 쓸수록 요약 리포트와 알람의 내용이 풍부해져요', true, 2, 14);
INSERT INTO bartter.daily_tip (daily_tip_id, created_at, updated_at, daily_tip_content, daily_tip_is_enabled,
                               daily_tip_weekday, user_id)
VALUES (94, '2024-08-11 11:32:34', '2024-08-11 11:32:34', '동네모임에서 동네 이웃들과 소통해보세요', true, 3, 14);
INSERT INTO bartter.daily_tip (daily_tip_id, created_at, updated_at, daily_tip_content, daily_tip_is_enabled,
                               daily_tip_weekday, user_id)
VALUES (95, '2024-08-11 11:32:34', '2024-08-11 11:32:34', '이웃이 나누는 농작물을 받아보세요', true, 4, 14);
INSERT INTO bartter.daily_tip (daily_tip_id, created_at, updated_at, daily_tip_content, daily_tip_is_enabled,
                               daily_tip_weekday, user_id)
VALUES (96, '2024-08-11 11:32:34', '2024-08-11 11:32:34', '넘치는 농작물을 이웃과 나눠보세요', true, 5, 14);
INSERT INTO bartter.daily_tip (daily_tip_id, created_at, updated_at, daily_tip_content, daily_tip_is_enabled,
                               daily_tip_weekday, user_id)
VALUES (97, '2024-08-11 11:32:34', '2024-08-11 11:32:34', '무엇을 키울지 모르겠다면 작물 추천 서비스를 이용해 보세요', true, 6, 14);
INSERT INTO bartter.daily_tip (daily_tip_id, created_at, updated_at, daily_tip_content, daily_tip_is_enabled,
                               daily_tip_weekday, user_id)
VALUES (98, '2024-08-11 11:32:34', '2024-08-11 11:32:34', '작물별로 농사 일지를 작성해 보세요', true, 7, 14);
INSERT INTO bartter.daily_tip (daily_tip_id, created_at, updated_at, daily_tip_content, daily_tip_is_enabled,
                               daily_tip_weekday, user_id)
VALUES (99, '2024-08-11 11:32:52', '2024-08-11 11:32:52',
        '가족들에게 제공하는 원액쥬스가 인기가 있다면, 더 많은 토마토를 재배하여 가족 모두가 건강하게 영양을 섭취할 수 있도록 노력해주세요', true, 1, 15);
INSERT INTO bartter.daily_tip (daily_tip_id, created_at, updated_at, daily_tip_content, daily_tip_is_enabled,
                               daily_tip_weekday, user_id)
VALUES (100, '2024-08-11 11:32:52', '2024-08-11 11:32:52',
        '토마토의 갈라짐을 줄이기 위해 수확 시 주의 깊게 다뤄주세요. 토마토의 품질을 유지하고 가족들에게 건강한 식품을 제공하는 것에 중점을 두어주세요', true, 2, 15);
INSERT INTO bartter.daily_tip (daily_tip_id, created_at, updated_at, daily_tip_content, daily_tip_is_enabled,
                               daily_tip_weekday, user_id)
VALUES (101, '2024-08-11 11:32:52', '2024-08-11 11:32:52', '복합비료의 적정 사용 방법과 주기를 유지하여 토마토의 영양 공급을 지속해주세요', true, 3, 15);
INSERT INTO bartter.daily_tip (daily_tip_id, created_at, updated_at, daily_tip_content, daily_tip_is_enabled,
                               daily_tip_weekday, user_id)
VALUES (102, '2024-08-11 11:32:52', '2024-08-11 11:32:52',
        '토마토의 건강을 유지하기 위해 병충해 관리와 관련된 작업을 실시해주세요. 생산성을 높이기 위해 더 많은 노력을 기울여주세요', true, 4, 15);
INSERT INTO bartter.daily_tip (daily_tip_id, created_at, updated_at, daily_tip_content, daily_tip_is_enabled,
                               daily_tip_weekday, user_id)
VALUES (103, '2024-08-11 11:32:52', '2024-08-11 11:32:52',
        '토마토가 갈라지는 현상을 줄이기 위해 수확 시 부드럽게 다루어주세요. 토마토를 햇볕에 오래 두지 않고 그늘에서 보관하는 것도 도움이 됩니다', true, 5, 15);
INSERT INTO bartter.daily_tip (daily_tip_id, created_at, updated_at, daily_tip_content, daily_tip_is_enabled,
                               daily_tip_weekday, user_id)
VALUES (104, '2024-08-11 11:32:52', '2024-08-11 11:32:52',
        '토마토의 생장 상태에 따라 적절한 관리를 실시하고, 더 많은 토마토 수확을 위해 더 많은 노력을 기울여주세요', true, 6, 15);
INSERT INTO bartter.daily_tip (daily_tip_id, created_at, updated_at, daily_tip_content, daily_tip_is_enabled,
                               daily_tip_weekday, user_id)
VALUES (105, '2024-08-11 11:32:52', '2024-08-11 11:32:52',
        '토마토의 성장 상태를 지속적으로 관찰하고, 필요한 경우 적절한 관리를 실시하여 토마토의 생장을 도울 수 있도록 해주세요', true, 7, 15);
INSERT INTO bartter.daily_tip (daily_tip_id, created_at, updated_at, daily_tip_content, daily_tip_is_enabled,
                               daily_tip_weekday, user_id)
VALUES (106, '2024-08-11 11:33:04', '2024-08-11 11:33:04', '장마철에는 토양이 너무 습기를 흡수하지 않도록 토양 관리에 신경써주세요', true, 1, 16);
INSERT INTO bartter.daily_tip (daily_tip_id, created_at, updated_at, daily_tip_content, daily_tip_is_enabled,
                               daily_tip_weekday, user_id)
VALUES (107, '2024-08-11 11:33:04', '2024-08-11 11:33:04', '상추의 잎이 썩지 않도록 주의하며, 햇빛과 환기를 유지하여 건강한 상태를 유지해주세요', true, 2,
        16);
INSERT INTO bartter.daily_tip (daily_tip_id, created_at, updated_at, daily_tip_content, daily_tip_is_enabled,
                               daily_tip_weekday, user_id)
VALUES (108, '2024-08-11 11:33:04', '2024-08-11 11:33:04',
        '상추의 성장을 돕기 위해 적절한 비료를 공급하고, 필요한 경우 영양제를 추가하여 식물이 영양을 잘 흡수할 수 있도록 도와주세요', true, 3, 16);
INSERT INTO bartter.daily_tip (daily_tip_id, created_at, updated_at, daily_tip_content, daily_tip_is_enabled,
                               daily_tip_weekday, user_id)
VALUES (109, '2024-08-11 11:33:04', '2024-08-11 11:33:04', '벌레에 대한 방제를 실시하여 상추를 보호해주세요', true, 4, 16);
INSERT INTO bartter.daily_tip (daily_tip_id, created_at, updated_at, daily_tip_content, daily_tip_is_enabled,
                               daily_tip_weekday, user_id)
VALUES (110, '2024-08-11 11:33:04', '2024-08-11 11:33:04', '상추의 생장 상태를 지속적으로 관찰하고, 병해와 해충에 대한 조치를 취하여 건강한 상태를 유지해주세요',
        true, 5, 16);
INSERT INTO bartter.daily_tip (daily_tip_id, created_at, updated_at, daily_tip_content, daily_tip_is_enabled,
                               daily_tip_weekday, user_id)
VALUES (111, '2024-08-11 11:33:04', '2024-08-11 11:33:04', '토양의 배수 상태를 개선하여 비로 인한 썩음을 방지해주세요', true, 6, 16);
INSERT INTO bartter.daily_tip (daily_tip_id, created_at, updated_at, daily_tip_content, daily_tip_is_enabled,
                               daily_tip_weekday, user_id)
VALUES (112, '2024-08-11 11:33:04', '2024-08-11 11:33:04', '장마철에 대비하여 물주기를 조절하고, 썩은 잎이 있는 부분을 잘 제거하여 건강한 상태를 유지해주세요',
        true, 7, 16);
INSERT INTO bartter.daily_tip (daily_tip_id, created_at, updated_at, daily_tip_content, daily_tip_is_enabled,
                               daily_tip_weekday, user_id)
VALUES (113, '2024-08-11 11:33:04', '2024-08-11 11:33:04', '내가 키우는 농작물을 등록하고 관리해보세요', true, 1, 17);
INSERT INTO bartter.daily_tip (daily_tip_id, created_at, updated_at, daily_tip_content, daily_tip_is_enabled,
                               daily_tip_weekday, user_id)
VALUES (114, '2024-08-11 11:33:04', '2024-08-11 11:33:04', '이웃이 나누는 농작물을 받아보세요', true, 2, 17);
INSERT INTO bartter.daily_tip (daily_tip_id, created_at, updated_at, daily_tip_content, daily_tip_is_enabled,
                               daily_tip_weekday, user_id)
VALUES (115, '2024-08-11 11:33:04', '2024-08-11 11:33:04', '무엇을 키울지 모르겠다면 작물 추천 서비스를 이용해 보세요', true, 3, 17);
INSERT INTO bartter.daily_tip (daily_tip_id, created_at, updated_at, daily_tip_content, daily_tip_is_enabled,
                               daily_tip_weekday, user_id)
VALUES (116, '2024-08-11 11:33:04', '2024-08-11 11:33:04', '농사일지를 구체적으로 쓸수록 요약 리포트와 알람의 내용이 풍부해져요', true, 4, 17);
INSERT INTO bartter.daily_tip (daily_tip_id, created_at, updated_at, daily_tip_content, daily_tip_is_enabled,
                               daily_tip_weekday, user_id)
VALUES (117, '2024-08-11 11:33:04', '2024-08-11 11:33:04', '작물별로 농사 일지를 작성해 보세요', true, 5, 17);
INSERT INTO bartter.daily_tip (daily_tip_id, created_at, updated_at, daily_tip_content, daily_tip_is_enabled,
                               daily_tip_weekday, user_id)
VALUES (118, '2024-08-11 11:33:04', '2024-08-11 11:33:04', '넘치는 농작물을 이웃과 나눠보세요', true, 6, 17);
INSERT INTO bartter.daily_tip (daily_tip_id, created_at, updated_at, daily_tip_content, daily_tip_is_enabled,
                               daily_tip_weekday, user_id)
VALUES (119, '2024-08-11 11:33:04', '2024-08-11 11:33:04', '동네모임에서 동네 이웃들과 소통해보세요', true, 7, 17);
INSERT INTO bartter.daily_tip (daily_tip_id, created_at, updated_at, daily_tip_content, daily_tip_is_enabled,
                               daily_tip_weekday, user_id)
VALUES (120, '2024-08-11 11:33:04', '2024-08-11 11:33:04', '넘치는 농작물을 이웃과 나눠보세요', true, 1, 18);
INSERT INTO bartter.daily_tip (daily_tip_id, created_at, updated_at, daily_tip_content, daily_tip_is_enabled,
                               daily_tip_weekday, user_id)
VALUES (121, '2024-08-11 11:33:04', '2024-08-11 11:33:04', '작물별로 농사 일지를 작성해 보세요', true, 2, 18);
INSERT INTO bartter.daily_tip (daily_tip_id, created_at, updated_at, daily_tip_content, daily_tip_is_enabled,
                               daily_tip_weekday, user_id)
VALUES (122, '2024-08-11 11:33:04', '2024-08-11 11:33:04', '이웃이 나누는 농작물을 받아보세요', true, 3, 18);
INSERT INTO bartter.daily_tip (daily_tip_id, created_at, updated_at, daily_tip_content, daily_tip_is_enabled,
                               daily_tip_weekday, user_id)
VALUES (123, '2024-08-11 11:33:04', '2024-08-11 11:33:04', '무엇을 키울지 모르겠다면 작물 추천 서비스를 이용해 보세요', true, 4, 18);
INSERT INTO bartter.daily_tip (daily_tip_id, created_at, updated_at, daily_tip_content, daily_tip_is_enabled,
                               daily_tip_weekday, user_id)
VALUES (124, '2024-08-11 11:33:04', '2024-08-11 11:33:04', '농사일지를 구체적으로 쓸수록 요약 리포트와 알람의 내용이 풍부해져요', true, 5, 18);
INSERT INTO bartter.daily_tip (daily_tip_id, created_at, updated_at, daily_tip_content, daily_tip_is_enabled,
                               daily_tip_weekday, user_id)
VALUES (125, '2024-08-11 11:33:04', '2024-08-11 11:33:04', '내가 키우는 농작물을 등록하고 관리해보세요', true, 6, 18);
INSERT INTO bartter.daily_tip (daily_tip_id, created_at, updated_at, daily_tip_content, daily_tip_is_enabled,
                               daily_tip_weekday, user_id)
VALUES (126, '2024-08-11 11:33:04', '2024-08-11 11:33:04', '동네모임에서 동네 이웃들과 소통해보세요', true, 7, 18);
INSERT INTO bartter.daily_tip (daily_tip_id, created_at, updated_at, daily_tip_content, daily_tip_is_enabled,
                               daily_tip_weekday, user_id)
VALUES (127, '2024-08-11 11:33:04', '2024-08-11 11:33:04', '작물별로 농사 일지를 작성해 보세요', true, 1, 19);
INSERT INTO bartter.daily_tip (daily_tip_id, created_at, updated_at, daily_tip_content, daily_tip_is_enabled,
                               daily_tip_weekday, user_id)
VALUES (128, '2024-08-11 11:33:04', '2024-08-11 11:33:04', '이웃이 나누는 농작물을 받아보세요', true, 2, 19);
INSERT INTO bartter.daily_tip (daily_tip_id, created_at, updated_at, daily_tip_content, daily_tip_is_enabled,
                               daily_tip_weekday, user_id)
VALUES (129, '2024-08-11 11:33:04', '2024-08-11 11:33:04', '넘치는 농작물을 이웃과 나눠보세요', true, 3, 19);
INSERT INTO bartter.daily_tip (daily_tip_id, created_at, updated_at, daily_tip_content, daily_tip_is_enabled,
                               daily_tip_weekday, user_id)
VALUES (130, '2024-08-11 11:33:04', '2024-08-11 11:33:04', '농사일지를 구체적으로 쓸수록 요약 리포트와 알람의 내용이 풍부해져요', true, 4, 19);
INSERT INTO bartter.daily_tip (daily_tip_id, created_at, updated_at, daily_tip_content, daily_tip_is_enabled,
                               daily_tip_weekday, user_id)
VALUES (131, '2024-08-11 11:33:04', '2024-08-11 11:33:04', '무엇을 키울지 모르겠다면 작물 추천 서비스를 이용해 보세요', true, 5, 19);
INSERT INTO bartter.daily_tip (daily_tip_id, created_at, updated_at, daily_tip_content, daily_tip_is_enabled,
                               daily_tip_weekday, user_id)
VALUES (132, '2024-08-11 11:33:04', '2024-08-11 11:33:04', '내가 키우는 농작물을 등록하고 관리해보세요', true, 6, 19);
INSERT INTO bartter.daily_tip (daily_tip_id, created_at, updated_at, daily_tip_content, daily_tip_is_enabled,
                               daily_tip_weekday, user_id)
VALUES (133, '2024-08-11 11:33:04', '2024-08-11 11:33:04', '동네모임에서 동네 이웃들과 소통해보세요', true, 7, 19);
INSERT INTO bartter.daily_tip (daily_tip_id, created_at, updated_at, daily_tip_content, daily_tip_is_enabled,
                               daily_tip_weekday, user_id)
VALUES (134, '2024-08-11 11:33:04', '2024-08-11 11:33:04', '넘치는 농작물을 이웃과 나눠보세요', true, 1, 20);
INSERT INTO bartter.daily_tip (daily_tip_id, created_at, updated_at, daily_tip_content, daily_tip_is_enabled,
                               daily_tip_weekday, user_id)
VALUES (135, '2024-08-11 11:33:04', '2024-08-11 11:33:04', '무엇을 키울지 모르겠다면 작물 추천 서비스를 이용해 보세요', true, 2, 20);
INSERT INTO bartter.daily_tip (daily_tip_id, created_at, updated_at, daily_tip_content, daily_tip_is_enabled,
                               daily_tip_weekday, user_id)
VALUES (136, '2024-08-11 11:33:04', '2024-08-11 11:33:04', '내가 키우는 농작물을 등록하고 관리해보세요', true, 3, 20);
INSERT INTO bartter.daily_tip (daily_tip_id, created_at, updated_at, daily_tip_content, daily_tip_is_enabled,
                               daily_tip_weekday, user_id)
VALUES (137, '2024-08-11 11:33:04', '2024-08-11 11:33:04', '농사일지를 구체적으로 쓸수록 요약 리포트와 알람의 내용이 풍부해져요', true, 4, 20);
INSERT INTO bartter.daily_tip (daily_tip_id, created_at, updated_at, daily_tip_content, daily_tip_is_enabled,
                               daily_tip_weekday, user_id)
VALUES (138, '2024-08-11 11:33:04', '2024-08-11 11:33:04', '이웃이 나누는 농작물을 받아보세요', true, 5, 20);
INSERT INTO bartter.daily_tip (daily_tip_id, created_at, updated_at, daily_tip_content, daily_tip_is_enabled,
                               daily_tip_weekday, user_id)
VALUES (139, '2024-08-11 11:33:04', '2024-08-11 11:33:04', '작물별로 농사 일지를 작성해 보세요', true, 6, 20);
INSERT INTO bartter.daily_tip (daily_tip_id, created_at, updated_at, daily_tip_content, daily_tip_is_enabled,
                               daily_tip_weekday, user_id)
VALUES (140, '2024-08-11 11:33:04', '2024-08-11 11:33:04', '동네모임에서 동네 이웃들과 소통해보세요', true, 7, 20);


-- community_post (광주 장덕동)

INSERT INTO bartter.community_post (community_post_id, location_id, user_id, created_at, updated_at,
                                    community_post_title, community_post_content)
VALUES (1, 992, 6, '2024-08-11 00:58:08', '2024-08-11 21:58:10', '안녕하세요', '들깨잎순치기햏는대요 들깨입염장바법 알려주세요');

INSERT INTO bartter.community_post (community_post_id, location_id, user_id, created_at, updated_at,
                                    community_post_title, community_post_content)
VALUES (2, 992, 9, '2024-08-11 01:58:08', '2024-08-11 21:58:10', '더워요',
        '남부지방 배추모종심는시기 언제쯤인가요 .. 고추 농사끝나고 할려고했는데 . 다들 시작들 하시네요 ..');

INSERT INTO bartter.community_post (community_post_id, location_id, user_id, created_at, updated_at,
                                    community_post_title, community_post_content)
VALUES (3, 992, 8, '2024-08-11 02:58:08', '2024-08-11 21:58:10', '고민',
        '꿈이 농사꾼이라 사직서을쓰고 홀로께신 어머니와 함게 있자니 어머니 눈치가보인다 다시직장을 잡을까 농사를 지을까 고민이다 여려분은 어덯게 생각하시는지요 좋은조언부탁드립니다');

INSERT INTO bartter.community_post (community_post_id, location_id, user_id, created_at, updated_at,
                                    community_post_title, community_post_content)
VALUES (4, 992, 7, '2024-08-11 03:58:08', '2024-08-11 21:58:10', '여름이다',
        '어제 오늘 고추수확 어제는 그나마 날씨가 괜찮았는데 오늘은 아침에 일어나보니 안개가 있길래 덥겠구나 했더니 역쉬나 정말 더웠네요');

INSERT INTO bartter.community_post (community_post_id, location_id, user_id, created_at, updated_at,
                                    community_post_title, community_post_content)
VALUES (5, 992, 6, '2024-08-11 04:58:08', '2024-08-11 21:58:10', '들깨잎', '들깨잎이 오그라드는 현상원인이 무었일까요?');

INSERT INTO bartter.community_post (community_post_id, location_id, user_id, created_at, updated_at,
                                    community_post_title, community_post_content)
VALUES (6, 992, 12, '2024-08-11 05:58:08', '2024-08-11 21:58:10', '귀여운 강쥐', '아침 출근 하니귀촌 귀농하면서 분양받은 풍산개 마루가 새끼를 낳았어요~~');

INSERT INTO bartter.community_post (community_post_id, location_id, user_id, created_at, updated_at,
                                    community_post_title, community_post_content)
VALUES (7, 992, 9, '2024-08-11 06:58:08', '2024-08-11 21:58:10', '초복이에요!!',
        '흠~초복인지도 몰랐었는데~점심에는 오리주물럭 + 수박 한 조각저녁에는 집에서 옻닭해 먹엏쥬~~');

INSERT INTO bartter.community_post (community_post_id, location_id, user_id, created_at, updated_at,
                                    community_post_title, community_post_content)
VALUES (8, 992, 14, '2024-08-11 07:58:08', '2024-08-11 21:58:10', '조은하루되새요',
        '💐오늘 하루는... 오늘 하루는착한 당신에게 가장 좋은 일과가장 감사한 일들만찾아 갔음 좋겠습니다 고은 당신에게많이 웃는 일들과많이 기쁜 일들만생겨났음 좋겠습니다 좋은 당신에게가장 멋진 일과가장 행복한 일들만펼져졌음 좋겠습니다 하루를 눈 감을때입가에 잔잔한미소가 번지는 그런 기분 좋은 날이되었음 좋겠습니다.');

INSERT INTO bartter.community_post (community_post_id, location_id, user_id, created_at, updated_at,
                                    community_post_title, community_post_content)
VALUES (9, 992, 10, '2024-08-11 08:58:08', '2024-08-11 21:58:10', '쩍쩍갈라짐', '날씨너무가물어콩에밭에물주기작업합니다');

INSERT INTO bartter.community_post (community_post_id, location_id, user_id, created_at, updated_at,
                                    community_post_title, community_post_content)
VALUES (10, 992, 6, '2024-08-11 09:58:08', '2024-08-11 21:58:10', '안녕하새요', '저는참깨수학다끝냈습니다');

INSERT INTO bartter.community_post (community_post_id, location_id, user_id, created_at, updated_at,
                                    community_post_title, community_post_content)
VALUES (11, 992, 7, '2024-08-11 10:58:08', '2024-08-11 21:58:10', '노린재', '고추밭에노린재가넘많아요ㅠㅠ.목초액살포해도될까요.알려주세요');

INSERT INTO bartter.community_post (community_post_id, location_id, user_id, created_at, updated_at,
                                    community_post_title, community_post_content)
VALUES (12, 992, 11, '2024-08-11 11:58:08', '2024-08-11 21:58:10', '이렇게해보새요', '토란입이마른것은 물을만이 주면되살아남니다.');

INSERT INTO bartter.community_post (community_post_id, location_id, user_id, created_at, updated_at,
                                    community_post_title, community_post_content)
VALUES (13, 992, 7, '2024-08-11 12:58:08', '2024-08-11 21:58:10', '고추밭', '고추가. 무르익어 가네요');

INSERT INTO bartter.community_post (community_post_id, location_id, user_id, created_at, updated_at,
                                    community_post_title, community_post_content)
VALUES (14, 992, 9, '2024-08-11 13:58:08', '2024-08-11 21:58:10', '여기좋네요', '황토길맨발걷기최고네요최근조성되엇네요');

INSERT INTO bartter.community_post (community_post_id, location_id, user_id, created_at, updated_at,
                                    community_post_title, community_post_content)
VALUES (15, 992, 14, '2024-08-11 14:58:08', '2024-08-11 21:58:10', '절망스러울 때 다산 정약용에게 배우는 삶의 교훈 7가지',
        '1. 인생이 힘들다고 하지 마라.\n다산은 경상도 포항 장기와 전라도 강진에서\n18년 동안 삶과 죽음이 오가는 유배지에서 살았다.\n2. 공부가 어렵다고 하지 마라.\n한생에 500권의 책을 읽기도 어려운데\n다산은 500여 권의 책을 저술했다.\n3. 사람을 사귀는데 나이를 묻지 마라.\n다산은 20살이나 어린 혜장선사, \n초의선사와 학문의 친구가 되었다.\n4. 성공에 집착하지 마라.\n다산은 벼슬길에 있던 때보다도 \n벼슬에서 멀어졌을 때 큰 이룸이 있었다.\n인생의 깨달음은 성공보다 실패에서 더 크게 배운다.\n5. 사람을 의심하지도 말고 너무 믿지도 마라.\n다산은 같은 조정에서 국사를 논하던 사람들에 의해 유배되었다.\n6. 전문성이 없다는 말을 하지 마라.\n다산은 배우지 않았어도 수원화성을 설계했고,\n당대 최고의 기술인 거중기와 농노를 발명했다.\n7. 인생에 여유가 없다고 하지 마라.\n다산은 사약이 언제 배달될지 모르는 유배지에서 차를 즐겼다.\n그래서 호도 다산(茶山)이다.');


-- community_post (공주시 계룡면 + 성주군 가천면)

INSERT INTO bartter.community_post (community_post_id, location_id, user_id, created_at, updated_at,
                                    community_post_title, community_post_content)
VALUES (16, 2024, 1, '2024-08-11 00:30:08', '2024-08-11 21:58:10', '개미', '무화과 나무의 개미는 어떻게 잡아야 하나요알려주시면 감사하겠습니다.');

INSERT INTO bartter.community_post (community_post_id, location_id, user_id, created_at, updated_at,
                                    community_post_title, community_post_content)
VALUES (17, 2024, 2, '2024-08-11 01:30:08', '2024-08-11 21:58:10', '소나기', '오늘은우닥다리소나기지나가내요');

INSERT INTO bartter.community_post (community_post_id, location_id, user_id, created_at, updated_at,
                                    community_post_title, community_post_content)
VALUES (18, 2024, 3, '2024-08-11 02:30:08', '2024-08-11 21:58:10', '친구',
        '우리에게 정말 소중한 건\n\n우리에게 정말 소중한 건 살아가는데 필요한\n많은 사람들보다는 단 한사람이라도 마음을 나누며\n함께 할 수 있는 마음의 길동무입니다.\n어려우면 어려운 대로 기쁘면 기쁜 대로 내 마음을\n꺼내어 진실을 이야기하고 내 마음을\n 꺼내어 나눌 수 있는 동무\n그런 마음을 나눌 수 있는 동무가\n간절히 그리워지는 날 들입니다.\n사막의 오아시스처럼 소중한 사람을 위하여\n우리는 오늘도 삶의 길을 걷고 있는지도 모릅니다.\n현대라는 인간의 사막에서 마음의 문을 열고\n오아시스처럼 아름다운 이웃을 친구를\n연인을 만났으면 좋겠습니다.\n아니 그보다도 내가 먼저 누군가에게\n오아시스처럼 참 좋은 친구 참 좋은 이웃\n참 아름답고 연인이 되는 시원하고 맑은\n청량감 넘치는 삶을 살았으면 좋겠습니다.\n출처 : 좋은 글 중에서');

INSERT INTO bartter.community_post (community_post_id, location_id, user_id, created_at, updated_at,
                                    community_post_title, community_post_content)
VALUES (19, 2024, 4, '2024-08-11 03:30:08', '2024-08-11 21:58:10', '여름', '날이더운데 다들아이스깨끼하나씩사드시려나요');

INSERT INTO bartter.community_post (community_post_id, location_id, user_id, created_at, updated_at,
                                    community_post_title, community_post_content)
VALUES (20, 2024, 5, '2024-08-11 04:30:08', '2024-08-11 21:58:10', '안녕하세요', '반갑습니다이곳에서같은동네거주하시는분을많이만나네요');

INSERT INTO bartter.community_post (community_post_id, location_id, user_id, created_at, updated_at,
                                    community_post_title, community_post_content)
VALUES (21, 2024, 1, '2024-08-11 05:30:08', '2024-08-11 21:58:10', '콩잎',
        '여쭤봅니다 저두. 콩잎물김치.콩잎된장지도 하고콩을 키웠더니 꼬투리도 열었는데. 잎이 넘 많아요 순치기륹약간 해야할까요');

INSERT INTO bartter.community_post (community_post_id, location_id, user_id, created_at, updated_at,
                                    community_post_title, community_post_content)
VALUES (22, 3015, 19, '2024-08-11 06:30:08', '2024-08-11 21:58:10', '소나기', '소나기 무습게와서 하던일 모두버려 놓코 집으로왔다');

INSERT INTO bartter.community_post (community_post_id, location_id, user_id, created_at, updated_at,
                                    community_post_title, community_post_content)
VALUES (23, 3015, 20, '2024-08-11 07:30:08', '2024-08-11 21:58:10', '참깨수확', '이제 참깨를 수확해야 할 때가돌아온 것 같다 ~');

INSERT INTO bartter.community_post (community_post_id, location_id, user_id, created_at, updated_at,
                                    community_post_title, community_post_content)
VALUES (24, 3015, 17, '2024-08-11 08:30:08', '2024-08-11 21:58:10', '와', '수박집에서 먹을려고심은수박이 7k900이나 되내요');

INSERT INTO bartter.community_post (community_post_id, location_id, user_id, created_at, updated_at,
                                    community_post_title, community_post_content)
VALUES (25, 3015, 18, '2024-08-11 09:30:08', '2024-08-11 21:58:10', '더위조심하세요',
        '날씨가 너무 더워서 잡초제거 하는데 너무 힘들고요 땀을 많이 흘러서 물을 바가지로 마시도 갈정이 가시지가 않네요 ㅋㅋ!!!');

INSERT INTO bartter.community_post (community_post_id, location_id, user_id, created_at, updated_at,
                                    community_post_title, community_post_content)
VALUES (26, 2024, 2, '2024-08-11 10:30:08', '2024-08-11 21:58:10', '더운날씨', '너무 습하고 덥네요 ㅠㅠ');

INSERT INTO bartter.community_post (community_post_id, location_id, user_id, created_at, updated_at,
                                    community_post_title, community_post_content)
VALUES (27, 2024, 3, '2024-08-11 11:30:08', '2024-08-11 21:58:10', '배드민턴치실분',
        '배드민턴 클럽.가입하실분 구합니다 월요일.7시 계룡중학교체육관에서칩니다  ');

INSERT INTO bartter.community_post (community_post_id, location_id, user_id, created_at, updated_at,
                                    community_post_title, community_post_content)
VALUES (28, 2024, 3, '2024-08-11 12:30:08', '2024-08-11 21:58:10', '낭만', '새벽일 끝내고 오늘도 역시 빵.커피에 아침을');

INSERT INTO bartter.community_post (community_post_id, location_id, user_id, created_at, updated_at,
                                    community_post_title, community_post_content)
VALUES (29, 2024, 4, '2024-08-11 13:30:08', '2024-08-11 21:58:10', '봐주새요', '사과 참외 라고 심었는데언제 수확 해야할지 모르겠읍니다');

INSERT INTO bartter.community_post (community_post_id, location_id, user_id, created_at, updated_at,
                                    community_post_title, community_post_content)
VALUES (30, 3015, 19, '2024-08-11 14:30:08', '2024-08-11 21:58:10', '휴가철이내요', '우리동네 회원님들. 즐거운 휴가되시길 바랍니다.');

INSERT INTO bartter.community_post (community_post_id, location_id, user_id, created_at, updated_at,
                                    community_post_title, community_post_content)
VALUES (31, 3015, 17, '2024-08-11 15:30:08', '2024-08-11 21:58:10', '굴이파졌어요', '땅이 굴이 파져 있는곳이 많은데요왜그렇까요?');

INSERT INTO bartter.community_post (community_post_id, location_id, user_id, created_at, updated_at,
                                    community_post_title, community_post_content)
VALUES (32, 3015, 18, '2024-08-11 16:30:08', '2024-08-11 21:58:10', '수고수고', '님들 오늘도 고생 많으셨슴니다 편안한 쉼 되시길');

INSERT INTO bartter.community_post (community_post_id, location_id, user_id, created_at, updated_at,
                                    community_post_title, community_post_content)
VALUES (33, 2024, 2, '2024-08-11 17:30:08', '2024-08-11 21:58:10', '오소리', '아 ᆢ 오소리오소리가 드나드니할말이없내요');



-- community_post_comment

INSERT INTO community_post_comment (community_post_comment_id, community_post_id, user_id, created_at, updated_at, community_post_comment_content)
VALUES (1, 1, 9, '2024-08-04 19:32:03', '2024-08-04 19:32:03', '요새 장아찌 소스도 잘나오고 소금물에 절여서 들기름에 쪄서 먹어도 좋을듯합니다');

INSERT INTO community_post_comment (community_post_comment_id, community_post_id, user_id, created_at, updated_at, community_post_comment_content)
VALUES (2, 2, 16, '2024-08-04 19:32:03', '2024-08-04 19:32:03', '남부지방은 무는 8월말~9월초 배추는 9월 첫째~두째주가 적당할거 같습니다.');

INSERT INTO community_post_comment (community_post_comment_id, community_post_id, user_id, created_at, updated_at, community_post_comment_content)
VALUES (3, 2, 6, '2024-08-04 19:42:03', '2024-08-04 19:42:03', '8월말에서 9월초하심될것같네요');

INSERT INTO community_post_comment (community_post_comment_id, community_post_id, user_id, created_at, updated_at, community_post_comment_content)
VALUES (4, 2, 3, '2024-08-04 19:52:03', '2024-08-04 19:52:03', '여기는 중부지방에 속하는데 오늘 무파종 하고 왔네요');

INSERT INTO community_post_comment (community_post_comment_id, community_post_id, user_id, created_at, updated_at, community_post_comment_content)
VALUES (5, 3, 3, '2024-08-04 19:32:03', '2024-08-04 19:32:03', '구할수 있으면 월 2백 고정수입 직장 다니면서 농사도 지으세요. 그래야 농사도 즐기면서 짓습니다.');

INSERT INTO community_post_comment (community_post_comment_id, community_post_id, user_id, created_at, updated_at, community_post_comment_content)
VALUES (6, 3, 10, '2024-08-04 19:42:03', '2024-08-04 19:42:03', '어느 이상으로 농사를 지어야 생활이 가능합니다. 어머님도 아들이 고생하는거 보기 싫으셔서 그럴겁니다. 농사가 많지 않으시면 직장다니면서 주말에 텃밭가꾸는 방식도 좋을듯합니다');

INSERT INTO community_post_comment (community_post_comment_id, community_post_id, user_id, created_at, updated_at, community_post_comment_content)
VALUES (7, 4, 10, '2024-08-04 19:32:03', '2024-08-04 19:32:03', '쉬어가면서 하세요.');

INSERT INTO community_post_comment (community_post_comment_id, community_post_id, user_id, created_at, updated_at, community_post_comment_content)
VALUES (8, 5, 2, '2024-08-04 19:32:03', '2024-08-04 19:32:03', '제초제 피해예상 됩니다. 들깨에 적용되는 제초제 뿌려야 합니다.');

INSERT INTO community_post_comment (community_post_comment_id, community_post_id, user_id, created_at, updated_at, community_post_comment_content)
VALUES (9, 5, 12, '2024-08-04 19:42:03', '2024-08-04 19:42:03', '진딧물 노린재 총채벌레 담배나방등의 피해입니다 생장점에 붙어서 흡즙하므로 잎이 오글오글한데 살충제살포 하시고 순지르기를 해주시면 새순이 자랍니다');

INSERT INTO community_post_comment (community_post_comment_id, community_post_id, user_id, created_at, updated_at, community_post_comment_content)
VALUES (10, 5, 11, '2024-08-04 19:52:03', '2024-08-04 19:52:03', '진딧물 또는 제초제(라쏘,듀알 등) 의 피해로 보입니다.');

INSERT INTO community_post_comment (community_post_comment_id, community_post_id, user_id, created_at, updated_at, community_post_comment_content)
VALUES (11, 6, 11, '2024-08-04 19:32:03', '2024-08-04 19:32:03', '풍산개는 진도개와 우리나라의 토종개로 쌍벽을 이루는 영리하고 충성심많은 견종입니다 많이 아껴주시고 사랑해 주세요.');

INSERT INTO community_post_comment (community_post_comment_id, community_post_id, user_id, created_at, updated_at, community_post_comment_content)
VALUES (12, 6, 9, '2024-08-04 19:42:03', '2024-08-04 19:42:03', '넘 귀여운 강아지겠네요~ 어미도 수고 많았네요~^^ 축하드려요 ~^^');

INSERT INTO community_post_comment (community_post_comment_id, community_post_id, user_id, created_at, updated_at, community_post_comment_content)
VALUES (13, 7, 8, '2024-08-04 19:42:03', '2024-08-04 19:42:03', '저도 한입만 먹고싶네요');

INSERT INTO community_post_comment (community_post_comment_id, community_post_id, user_id, created_at, updated_at, community_post_comment_content)
VALUES (14, 11, 5, '2024-08-04 19:42:03', '2024-08-04 19:42:03', '농약에 노린재약 있어요. 또는 물20L에 크레죨 25cc 에탄올 50cc 페트병에 담아 5~10M간격으로 놓아두세요.');

INSERT INTO community_post_comment (community_post_comment_id, community_post_id, user_id, created_at, updated_at, community_post_comment_content)
VALUES (15, 11, 10, '2024-08-04 19:52:03', '2024-08-04 19:52:03', '청실홍실 콩 꼬투리 단단해질 때까지 3~4차례 뿌려줘야 풍작 옵니다');

INSERT INTO community_post_comment (community_post_comment_id, community_post_id, user_id, created_at, updated_at, community_post_comment_content)
VALUES (16, 13, 10, '2024-08-04 19:52:03', '2024-08-04 19:52:03', '풍작이네요. 축하드립니다');

INSERT INTO community_post_comment (community_post_comment_id, community_post_id, user_id, created_at, updated_at, community_post_comment_content)
VALUES (17, 14, 9, '2024-08-04 19:52:03', '2024-08-04 19:52:03', '어디인가요');

INSERT INTO community_post_comment (community_post_comment_id, community_post_id, user_id, created_at, updated_at, community_post_comment_content)
VALUES (18, 16, 3, '2024-08-04 19:52:03', '2024-08-04 19:52:03', '진딧물 방제 잘하시고 나무 밑둥주위 토양살충제 뿌리세요.');

INSERT INTO community_post_comment (community_post_comment_id, community_post_id, user_id, created_at, updated_at, community_post_comment_content)
VALUES (19, 16, 4, '2024-08-04 19:53:03', '2024-08-04 19:53:03', '토양살충제를 나무밑에다 한줌 뿌려주셔요');

INSERT INTO community_post_comment (community_post_comment_id, community_post_id, user_id, created_at, updated_at, community_post_comment_content)
VALUES (20, 19, 5, '2024-08-04 19:52:03', '2024-08-04 19:52:03', '수분 보충이 필요한 날입니다');

INSERT INTO community_post_comment (community_post_comment_id, community_post_id, user_id, created_at, updated_at, community_post_comment_content)
VALUES (21, 21, 3, '2024-08-04 19:52:03', '2024-08-04 19:52:03', '잎따주는것과 순치기는 다릅니다 잎은 광합성작용을 줄여 성장을 둔화시킬수 있으나. 순치기는 분지를 늘리기위한 방법입니다.');

INSERT INTO community_post_comment (community_post_comment_id, community_post_id, user_id, created_at, updated_at, community_post_comment_content)
VALUES (22, 21, 7, '2024-08-04 19:53:03', '2024-08-04 19:53:03', '콩잎 물김치는 순지르기 해서 순과 함께 제거된 여린잎으로 담그시면 됩니다. 콩잎김치는 단풍이 드는 늦가을에 하셔야죠. ^^');

INSERT INTO community_post_comment (community_post_comment_id, community_post_id, user_id, created_at, updated_at, community_post_comment_content)
VALUES (23, 21, 14, '2024-08-04 19:54:03', '2024-08-04 19:54:03', '순치기 늦었어요. 꽃 피기 전에 2차례 정도 순치기 해 줬어야 했는데 ㅠㅠ');

INSERT INTO community_post_comment (community_post_comment_id, community_post_id, user_id, created_at, updated_at, community_post_comment_content)
VALUES (24, 21, 15, '2024-08-04 19:55:03', '2024-08-04 19:55:03', '콩이나 콩잎이나 우선 순위로 설정하고 일하세요 한포기 하나식만 무리 안가게 따서 콩물김치 담아요');

INSERT INTO community_post_comment (community_post_comment_id, community_post_id, user_id, created_at, updated_at, community_post_comment_content)
VALUES (25, 24, 9, '2024-08-04 19:55:03', '2024-08-04 19:55:03', '저러코롬 큰 수박은 처음보네요');

INSERT INTO community_post_comment (community_post_comment_id, community_post_id, user_id, created_at, updated_at, community_post_comment_content)
VALUES (26, 27, 1, '2024-08-04 19:55:03', '2024-08-04 19:55:03', '못쳐도갠찬나요');

INSERT INTO community_post_comment (community_post_comment_id, community_post_id, user_id, created_at, updated_at, community_post_comment_content)
VALUES (27, 27, 5, '2024-08-04 19:56:03', '2024-08-04 19:55:03', '마누라가 가고싶다네요');

INSERT INTO community_post_comment (community_post_comment_id, community_post_id, user_id, created_at, updated_at, community_post_comment_content)
VALUES (28, 28, 10, '2024-08-04 19:56:03', '2024-08-04 19:55:03', '먹고 살려고 농사를 하는데 먹는게 부실하면 나중에 삶의 질을 무너 뜨립니다 잘 챙겨드시고 여름 나기 잘하세요');

INSERT INTO community_post_comment (community_post_comment_id, community_post_id, user_id, created_at, updated_at, community_post_comment_content)
VALUES (29, 28, 11, '2024-08-04 19:57:03', '2024-08-04 19:57:03', '무더위에 든든하게 드셔야지요.');

INSERT INTO community_post_comment (community_post_comment_id, community_post_id, user_id, created_at, updated_at, community_post_comment_content)
VALUES (30, 28, 9, '2024-08-04 19:58:03', '2024-08-04 19:58:03', '전 그러도 라면은 먹는데 ㅋㅋ');

INSERT INTO community_post_comment (community_post_comment_id, community_post_id, user_id, created_at, updated_at, community_post_comment_content)
VALUES (31, 28, 6, '2024-08-04 19:59:03', '2024-08-04 19:59:03', '아침밥 먹어본지 까막득 한게 10년는 되지 싶다 아침에 물한모금 9시 10경 쯤은 막걸리 로 새참겸 아침~');

INSERT INTO community_post_comment (community_post_comment_id, community_post_id, user_id, created_at, updated_at, community_post_comment_content)
VALUES (32, 29, 16, '2024-08-04 19:51:03', '2024-08-04 19:51:03', '애플참외는 처음 접해보네요. 내년에 모종구해 한번 심어보고 싶네요.');

INSERT INTO community_post_comment (community_post_comment_id, community_post_id, user_id, created_at, updated_at, community_post_comment_content)
VALUES (33, 29, 6, '2024-08-04 19:52:03', '2024-08-04 19:52:03', '사과참외는 처음 들어봅니다');

INSERT INTO community_post_comment (community_post_comment_id, community_post_id, user_id, created_at, updated_at, community_post_comment_content)
VALUES (34, 29, 2, '2024-08-04 19:53:03', '2024-08-04 19:53:03', '그린참외 애플참외 사과참외 이름이 다양하나 다 동일한 품종이고 참외 중 저는 사과참외가 제일 예쁘고 맛나 이 품종만 심어요 ^^*');

INSERT INTO community_post_comment (community_post_comment_id, community_post_id, user_id, created_at, updated_at, community_post_comment_content)
VALUES (35, 31, 20, '2024-08-04 19:53:03', '2024-08-04 19:53:03', '두더지가 많이 살고 있나 봅니다 두더지 퇴치 해야 뭐든 심을수 있지요 작물 아래로 지나가면 말라 죽어요');

INSERT INTO community_post_comment (community_post_comment_id, community_post_id, user_id, created_at, updated_at, community_post_comment_content)
VALUES (36, 33, 10, '2024-08-04 19:53:03', '2024-08-04 19:53:03', '오소리는 곰만큼이나 귀한 짐승인디.. 천혜의 자연 조건인가 봅니다. 제가 있는곳은 오소리는 눈씻고봐도 없구요 너구리만 가끔 보이네요.');



-- community_post_image

INSERT INTO community_post_image (community_post_id, community_post_image_id, community_post_image_order, created_at,
                                  updated_at, community_post_image_url)
VALUES (5, 1, 1, '2024-08-11 21:58:10', '2024-08-11 21:58:10', 'https://d1tknhgbpjhaqe.cloudfront.net/community_5');

INSERT INTO community_post_image (community_post_id, community_post_image_id, community_post_image_order, created_at,
                                  updated_at, community_post_image_url)
VALUES (6, 2, 1, '2024-08-11 21:58:10', '2024-08-11 21:58:10', 'https://d1tknhgbpjhaqe.cloudfront.net/community_6');

INSERT INTO community_post_image (community_post_id, community_post_image_id, community_post_image_order, created_at,
                                  updated_at, community_post_image_url)
VALUES (13, 3, 1, '2024-08-11 21:58:10', '2024-08-11 21:58:10', 'https://d1tknhgbpjhaqe.cloudfront.net/community_13');

INSERT INTO community_post_image (community_post_id, community_post_image_id, community_post_image_order, created_at,
                                  updated_at, community_post_image_url)
VALUES (14, 4, 1, '2024-08-11 21:58:10', '2024-08-11 21:58:10', 'https://d1tknhgbpjhaqe.cloudfront.net/community_14');

INSERT INTO community_post_image (community_post_id, community_post_image_id, community_post_image_order, created_at,
                                  updated_at, community_post_image_url)
VALUES (15, 5, 1, '2024-08-11 21:58:10', '2024-08-11 21:58:10', 'https://d1tknhgbpjhaqe.cloudfront.net/community_15');

INSERT INTO community_post_image (community_post_id, community_post_image_id, community_post_image_order, created_at,
                                  updated_at, community_post_image_url)
VALUES (24, 6, 1, '2024-08-11 21:58:10', '2024-08-11 21:58:10', 'https://d1tknhgbpjhaqe.cloudfront.net/community_24');

INSERT INTO community_post_image (community_post_id, community_post_image_id, community_post_image_order, created_at,
                                  updated_at, community_post_image_url)
VALUES (28, 7, 1, '2024-08-11 21:58:10', '2024-08-11 21:58:10', 'https://d1tknhgbpjhaqe.cloudfront.net/community_28');

INSERT INTO community_post_image (community_post_id, community_post_image_id, community_post_image_order, created_at,
                                  updated_at, community_post_image_url)
VALUES (29, 8, 1, '2024-08-11 21:58:10', '2024-08-11 21:58:10', 'https://d1tknhgbpjhaqe.cloudfront.net/community_29');

INSERT INTO community_post_image (community_post_id, community_post_image_id, community_post_image_order, created_at,
                                  updated_at, community_post_image_url)
VALUES (32, 9, 1, '2024-08-11 21:58:10', '2024-08-11 21:58:10', 'https://d1tknhgbpjhaqe.cloudfront.net/community_32');



-- community_post_like

INSERT INTO community_post_like (community_post_id, community_post_like_id, user_id, created_at, updated_at)
VALUES (1, 1, 1, '2024-08-04 19:53:03', '2024-08-04 19:53:03');

INSERT INTO community_post_like (community_post_id, community_post_like_id, user_id, created_at, updated_at)
VALUES (2, 2, 1, '2024-08-04 19:53:03', '2024-08-04 19:53:03');

INSERT INTO community_post_like (community_post_id, community_post_like_id, user_id, created_at, updated_at)
VALUES (2, 3, 2, '2024-08-04 19:53:03', '2024-08-04 19:53:03');

INSERT INTO community_post_like (community_post_id, community_post_like_id, user_id, created_at, updated_at)
VALUES (3, 4, 1, '2024-08-04 19:53:03', '2024-08-04 19:53:03');

INSERT INTO community_post_like (community_post_id, community_post_like_id, user_id, created_at, updated_at)
VALUES (3, 5, 2, '2024-08-04 19:53:03', '2024-08-04 19:53:03');

INSERT INTO community_post_like (community_post_id, community_post_like_id, user_id, created_at, updated_at)
VALUES (3, 6, 3, '2024-08-04 19:53:03', '2024-08-04 19:53:03');

INSERT INTO community_post_like (community_post_id, community_post_like_id, user_id, created_at, updated_at)
VALUES (4, 7, 1, '2024-08-04 19:53:03', '2024-08-04 19:53:03');

INSERT INTO community_post_like (community_post_id, community_post_like_id, user_id, created_at, updated_at)
VALUES (4, 8, 2, '2024-08-04 19:53:03', '2024-08-04 19:53:03');

INSERT INTO community_post_like (community_post_id, community_post_like_id, user_id, created_at, updated_at)
VALUES (4, 9, 3, '2024-08-04 19:53:03', '2024-08-04 19:53:03');

INSERT INTO community_post_like (community_post_id, community_post_like_id, user_id, created_at, updated_at)
VALUES (4, 10, 4, '2024-08-04 19:53:03', '2024-08-04 19:53:03');

INSERT INTO community_post_like (community_post_id, community_post_like_id, user_id, created_at, updated_at)
VALUES (5, 11, 1, '2024-08-04 19:53:03', '2024-08-04 19:53:03');

INSERT INTO community_post_like (community_post_id, community_post_like_id, user_id, created_at, updated_at)
VALUES (6, 12, 1, '2024-08-04 19:53:03', '2024-08-04 19:53:03');

INSERT INTO community_post_like (community_post_id, community_post_like_id, user_id, created_at, updated_at)
VALUES (6, 13, 2, '2024-08-04 19:53:03', '2024-08-04 19:53:03');

INSERT INTO community_post_like (community_post_id, community_post_like_id, user_id, created_at, updated_at)
VALUES (6, 14, 3, '2024-08-04 19:53:03', '2024-08-04 19:53:03');

INSERT INTO community_post_like (community_post_id, community_post_like_id, user_id, created_at, updated_at)
VALUES (6, 15, 4, '2024-08-04 19:53:03', '2024-08-04 19:53:03');

INSERT INTO community_post_like (community_post_id, community_post_like_id, user_id, created_at, updated_at)
VALUES (6, 16, 5, '2024-08-04 19:53:03', '2024-08-04 19:53:03');

INSERT INTO community_post_like (community_post_id, community_post_like_id, user_id, created_at, updated_at)
VALUES (6, 17, 6, '2024-08-04 19:53:03', '2024-08-04 19:53:03');

INSERT INTO community_post_like (community_post_id, community_post_like_id, user_id, created_at, updated_at)
VALUES (6, 18, 7, '2024-08-04 19:53:03', '2024-08-04 19:53:03');

INSERT INTO community_post_like (community_post_id, community_post_like_id, user_id, created_at, updated_at)
VALUES (7, 19, 1, '2024-08-04 19:53:03', '2024-08-04 19:53:03');

INSERT INTO community_post_like (community_post_id, community_post_like_id, user_id, created_at, updated_at)
VALUES (7, 20, 2, '2024-08-04 19:53:03', '2024-08-04 19:53:03');

INSERT INTO community_post_like (community_post_id, community_post_like_id, user_id, created_at, updated_at)
VALUES (7, 21, 3, '2024-08-04 19:53:03', '2024-08-04 19:53:03');

INSERT INTO community_post_like (community_post_id, community_post_like_id, user_id, created_at, updated_at)
VALUES (8, 22, 1, '2024-08-04 19:53:03', '2024-08-04 19:53:03');

INSERT INTO community_post_like (community_post_id, community_post_like_id, user_id, created_at, updated_at)
VALUES (8, 23, 2, '2024-08-04 19:53:03', '2024-08-04 19:53:03');

INSERT INTO community_post_like (community_post_id, community_post_like_id, user_id, created_at, updated_at)
VALUES (8, 24, 3, '2024-08-04 19:53:03', '2024-08-04 19:53:03');

INSERT INTO community_post_like (community_post_id, community_post_like_id, user_id, created_at, updated_at)
VALUES (8, 25, 4, '2024-08-04 19:53:03', '2024-08-04 19:53:03');

INSERT INTO community_post_like (community_post_id, community_post_like_id, user_id, created_at, updated_at)
VALUES (8, 26, 5, '2024-08-04 19:53:03', '2024-08-04 19:53:03');

INSERT INTO community_post_like (community_post_id, community_post_like_id, user_id, created_at, updated_at)
VALUES (8, 27, 6, '2024-08-04 19:53:03', '2024-08-04 19:53:03');

INSERT INTO community_post_like (community_post_id, community_post_like_id, user_id, created_at, updated_at)
VALUES (8, 28, 7, '2024-08-04 19:53:03', '2024-08-04 19:53:03');

INSERT INTO community_post_like (community_post_id, community_post_like_id, user_id, created_at, updated_at)
VALUES (8, 29, 8, '2024-08-04 19:53:03', '2024-08-04 19:53:03');

INSERT INTO community_post_like (community_post_id, community_post_like_id, user_id, created_at, updated_at)
VALUES (8, 30, 9, '2024-08-04 19:53:03', '2024-08-04 19:53:03');

INSERT INTO community_post_like (community_post_id, community_post_like_id, user_id, created_at, updated_at)
VALUES (8, 31, 10, '2024-08-04 19:53:03', '2024-08-04 19:53:03');

INSERT INTO community_post_like (community_post_id, community_post_like_id, user_id, created_at, updated_at)
VALUES (8, 32, 11, '2024-08-04 19:53:03', '2024-08-04 19:53:03');

INSERT INTO community_post_like (community_post_id, community_post_like_id, user_id, created_at, updated_at)
VALUES (9, 33, 1, '2024-08-04 19:53:03', '2024-08-04 19:53:03');

INSERT INTO community_post_like (community_post_id, community_post_like_id, user_id, created_at, updated_at)
VALUES (9, 34, 2, '2024-08-04 19:53:03', '2024-08-04 19:53:03');

INSERT INTO community_post_like (community_post_id, community_post_like_id, user_id, created_at, updated_at)
VALUES (9, 35, 3, '2024-08-04 19:53:03', '2024-08-04 19:53:03');

INSERT INTO community_post_like (community_post_id, community_post_like_id, user_id, created_at, updated_at)
VALUES (10, 36, 1, '2024-08-04 19:53:03', '2024-08-04 19:53:03');

INSERT INTO community_post_like (community_post_id, community_post_like_id, user_id, created_at, updated_at)
VALUES (10, 37, 2, '2024-08-04 19:53:03', '2024-08-04 19:53:03');

INSERT INTO community_post_like (community_post_id, community_post_like_id, user_id, created_at, updated_at)
VALUES (11, 38, 1, '2024-08-04 19:53:03', '2024-08-04 19:53:03');

INSERT INTO community_post_like (community_post_id, community_post_like_id, user_id, created_at, updated_at)
VALUES (11, 39, 2, '2024-08-04 19:53:03', '2024-08-04 19:53:03');

INSERT INTO community_post_like (community_post_id, community_post_like_id, user_id, created_at, updated_at)
VALUES (11, 40, 3, '2024-08-04 19:53:03', '2024-08-04 19:53:03');

INSERT INTO community_post_like (community_post_id, community_post_like_id, user_id, created_at, updated_at)
VALUES (11, 41, 4, '2024-08-04 19:53:03', '2024-08-04 19:53:03');

INSERT INTO community_post_like (community_post_id, community_post_like_id, user_id, created_at, updated_at)
VALUES (11, 42, 5, '2024-08-04 19:53:03', '2024-08-04 19:53:03');

INSERT INTO community_post_like (community_post_id, community_post_like_id, user_id, created_at, updated_at)
VALUES (12, 43, 1, '2024-08-04 19:53:03', '2024-08-04 19:53:03');

INSERT INTO community_post_like (community_post_id, community_post_like_id, user_id, created_at, updated_at)
VALUES (12, 44, 2, '2024-08-04 19:53:03', '2024-08-04 19:53:03');

INSERT INTO community_post_like (community_post_id, community_post_like_id, user_id, created_at, updated_at)
VALUES (13, 45, 1, '2024-08-04 19:53:03', '2024-08-04 19:53:03');

INSERT INTO community_post_like (community_post_id, community_post_like_id, user_id, created_at, updated_at)
VALUES (13, 46, 2, '2024-08-04 19:53:03', '2024-08-04 19:53:03');

INSERT INTO community_post_like (community_post_id, community_post_like_id, user_id, created_at, updated_at)
VALUES (13, 47, 3, '2024-08-04 19:53:03', '2024-08-04 19:53:03');

INSERT INTO community_post_like (community_post_id, community_post_like_id, user_id, created_at, updated_at)
VALUES (13, 48, 4, '2024-08-04 19:53:03', '2024-08-04 19:53:03');

INSERT INTO community_post_like (community_post_id, community_post_like_id, user_id, created_at, updated_at)
VALUES (13, 49, 5, '2024-08-04 19:53:03', '2024-08-04 19:53:03');

INSERT INTO community_post_like (community_post_id, community_post_like_id, user_id, created_at, updated_at)
VALUES (13, 50, 6, '2024-08-04 19:53:03', '2024-08-04 19:53:03');

INSERT INTO community_post_like (community_post_id, community_post_like_id, user_id, created_at, updated_at)
VALUES (14, 51, 1, '2024-08-04 19:53:03', '2024-08-04 19:53:03');

INSERT INTO community_post_like (community_post_id, community_post_like_id, user_id, created_at, updated_at)
VALUES (14, 52, 2, '2024-08-04 19:53:03', '2024-08-04 19:53:03');

INSERT INTO community_post_like (community_post_id, community_post_like_id, user_id, created_at, updated_at)
VALUES (15, 53, 1, '2024-08-04 19:53:03', '2024-08-04 19:53:03');

INSERT INTO community_post_like (community_post_id, community_post_like_id, user_id, created_at, updated_at)
VALUES (15, 54, 2, '2024-08-04 19:53:03', '2024-08-04 19:53:03');

INSERT INTO community_post_like (community_post_id, community_post_like_id, user_id, created_at, updated_at)
VALUES (15, 55, 3, '2024-08-04 19:53:03', '2024-08-04 19:53:03');

INSERT INTO community_post_like (community_post_id, community_post_like_id, user_id, created_at, updated_at)
VALUES (15, 56, 4, '2024-08-04 19:53:03', '2024-08-04 19:53:03');

INSERT INTO community_post_like (community_post_id, community_post_like_id, user_id, created_at, updated_at)
VALUES (15, 57, 5, '2024-08-04 19:53:03', '2024-08-04 19:53:03');

INSERT INTO community_post_like (community_post_id, community_post_like_id, user_id, created_at, updated_at)
VALUES (15, 58, 6, '2024-08-04 19:53:03', '2024-08-04 19:53:03');

INSERT INTO community_post_like (community_post_id, community_post_like_id, user_id, created_at, updated_at)
VALUES (15, 59, 7, '2024-08-04 19:53:03', '2024-08-04 19:53:03');

INSERT INTO community_post_like (community_post_id, community_post_like_id, user_id, created_at, updated_at)
VALUES (15, 60, 8, '2024-08-04 19:53:03', '2024-08-04 19:53:03');

INSERT INTO community_post_like (community_post_id, community_post_like_id, user_id, created_at, updated_at)
VALUES (15, 61, 9, '2024-08-04 19:53:03', '2024-08-04 19:53:03');

INSERT INTO community_post_like (community_post_id, community_post_like_id, user_id, created_at, updated_at)
VALUES (15, 62, 10, '2024-08-04 19:53:03', '2024-08-04 19:53:03');

INSERT INTO community_post_like (community_post_id, community_post_like_id, user_id, created_at, updated_at)
VALUES (15, 63, 11, '2024-08-04 19:53:03', '2024-08-04 19:53:03');

INSERT INTO community_post_like (community_post_id, community_post_like_id, user_id, created_at, updated_at)
VALUES (15, 64, 12, '2024-08-04 19:53:03', '2024-08-04 19:53:03');

INSERT INTO community_post_like (community_post_id, community_post_like_id, user_id, created_at, updated_at)
VALUES (15, 65, 13, '2024-08-04 19:53:03', '2024-08-04 19:53:03');

INSERT INTO community_post_like (community_post_id, community_post_like_id, user_id, created_at, updated_at)
VALUES (15, 66, 14, '2024-08-04 19:53:03', '2024-08-04 19:53:03');

INSERT INTO community_post_like (community_post_id, community_post_like_id, user_id, created_at, updated_at)
VALUES (16, 67, 1, '2024-08-04 19:53:03', '2024-08-04 19:53:03');

INSERT INTO community_post_like (community_post_id, community_post_like_id, user_id, created_at, updated_at)
VALUES (16, 68, 2, '2024-08-04 19:53:03', '2024-08-04 19:53:03');

INSERT INTO community_post_like (community_post_id, community_post_like_id, user_id, created_at, updated_at)
VALUES (16, 69, 3, '2024-08-04 19:53:03', '2024-08-04 19:53:03');

INSERT INTO community_post_like (community_post_id, community_post_like_id, user_id, created_at, updated_at)
VALUES (17, 70, 1, '2024-08-04 19:53:03', '2024-08-04 19:53:03');

INSERT INTO community_post_like (community_post_id, community_post_like_id, user_id, created_at, updated_at)
VALUES (17, 71, 2, '2024-08-04 19:53:03', '2024-08-04 19:53:03');

INSERT INTO community_post_like (community_post_id, community_post_like_id, user_id, created_at, updated_at)
VALUES (18, 72, 1, '2024-08-04 19:53:03', '2024-08-04 19:53:03');

INSERT INTO community_post_like (community_post_id, community_post_like_id, user_id, created_at, updated_at)
VALUES (18, 73, 2, '2024-08-04 19:53:03', '2024-08-04 19:53:03');

INSERT INTO community_post_like (community_post_id, community_post_like_id, user_id, created_at, updated_at)
VALUES (18, 74, 3, '2024-08-04 19:53:03', '2024-08-04 19:53:03');

INSERT INTO community_post_like (community_post_id, community_post_like_id, user_id, created_at, updated_at)
VALUES (18, 75, 4, '2024-08-04 19:53:03', '2024-08-04 19:53:03');

INSERT INTO community_post_like (community_post_id, community_post_like_id, user_id, created_at, updated_at)
VALUES (18, 76, 5, '2024-08-04 19:53:03', '2024-08-04 19:53:03');

INSERT INTO community_post_like (community_post_id, community_post_like_id, user_id, created_at, updated_at)
VALUES (18, 77, 6, '2024-08-04 19:53:03', '2024-08-04 19:53:03');

INSERT INTO community_post_like (community_post_id, community_post_like_id, user_id, created_at, updated_at)
VALUES (18, 78, 7, '2024-08-04 19:53:03', '2024-08-04 19:53:03');

INSERT INTO community_post_like (community_post_id, community_post_like_id, user_id, created_at, updated_at)
VALUES (18, 79, 8, '2024-08-04 19:53:03', '2024-08-04 19:53:03');

INSERT INTO community_post_like (community_post_id, community_post_like_id, user_id, created_at, updated_at)
VALUES (18, 80, 9, '2024-08-04 19:53:03', '2024-08-04 19:53:03');

INSERT INTO community_post_like (community_post_id, community_post_like_id, user_id, created_at, updated_at)
VALUES (18, 81, 10, '2024-08-04 19:53:03', '2024-08-04 19:53:03');

INSERT INTO community_post_like (community_post_id, community_post_like_id, user_id, created_at, updated_at)
VALUES (18, 82, 11, '2024-08-04 19:53:03', '2024-08-04 19:53:03');

INSERT INTO community_post_like (community_post_id, community_post_like_id, user_id, created_at, updated_at)
VALUES (18, 83, 12, '2024-08-04 19:53:03', '2024-08-04 19:53:03');

INSERT INTO community_post_like (community_post_id, community_post_like_id, user_id, created_at, updated_at)
VALUES (18, 84, 13, '2024-08-04 19:53:03', '2024-08-04 19:53:03');

INSERT INTO community_post_like (community_post_id, community_post_like_id, user_id, created_at, updated_at)
VALUES (19, 85, 1, '2024-08-04 19:53:03', '2024-08-04 19:53:03');

INSERT INTO community_post_like (community_post_id, community_post_like_id, user_id, created_at, updated_at)
VALUES (19, 86, 2, '2024-08-04 19:53:03', '2024-08-04 19:53:03');

INSERT INTO community_post_like (community_post_id, community_post_like_id, user_id, created_at, updated_at)
VALUES (19, 87, 3, '2024-08-04 19:53:03', '2024-08-04 19:53:03');

INSERT INTO community_post_like (community_post_id, community_post_like_id, user_id, created_at, updated_at)
VALUES (19, 88, 4, '2024-08-04 19:53:03', '2024-08-04 19:53:03');

INSERT INTO community_post_like (community_post_id, community_post_like_id, user_id, created_at, updated_at)
VALUES (19, 89, 5, '2024-08-04 19:53:03', '2024-08-04 19:53:03');

INSERT INTO community_post_like (community_post_id, community_post_like_id, user_id, created_at, updated_at)
VALUES (20, 90, 1, '2024-08-04 19:53:03', '2024-08-04 19:53:03');

INSERT INTO community_post_like (community_post_id, community_post_like_id, user_id, created_at, updated_at)
VALUES (20, 91, 2, '2024-08-04 19:53:03', '2024-08-04 19:53:03');

INSERT INTO community_post_like (community_post_id, community_post_like_id, user_id, created_at, updated_at)
VALUES (20, 92, 3, '2024-08-04 19:53:03', '2024-08-04 19:53:03');

INSERT INTO community_post_like (community_post_id, community_post_like_id, user_id, created_at, updated_at)
VALUES (21, 93, 1, '2024-08-04 19:53:03', '2024-08-04 19:53:03');

INSERT INTO community_post_like (community_post_id, community_post_like_id, user_id, created_at, updated_at)
VALUES (21, 94, 2, '2024-08-04 19:53:03', '2024-08-04 19:53:03');

INSERT INTO community_post_like (community_post_id, community_post_like_id, user_id, created_at, updated_at)
VALUES (22, 95, 1, '2024-08-04 19:53:03', '2024-08-04 19:53:03');

INSERT INTO community_post_like (community_post_id, community_post_like_id, user_id, created_at, updated_at)
VALUES (22, 96, 2, '2024-08-04 19:53:03', '2024-08-04 19:53:03');

INSERT INTO community_post_like (community_post_id, community_post_like_id, user_id, created_at, updated_at)
VALUES (22, 97, 3, '2024-08-04 19:53:03', '2024-08-04 19:53:03');

INSERT INTO community_post_like (community_post_id, community_post_like_id, user_id, created_at, updated_at)
VALUES (22, 98, 4, '2024-08-04 19:53:03', '2024-08-04 19:53:03');

INSERT INTO community_post_like (community_post_id, community_post_like_id, user_id, created_at, updated_at)
VALUES (23, 99, 1, '2024-08-04 19:53:03', '2024-08-04 19:53:03');

INSERT INTO community_post_like (community_post_id, community_post_like_id, user_id, created_at, updated_at)
VALUES (23, 100, 2, '2024-08-04 19:53:03', '2024-08-04 19:53:03');

INSERT INTO community_post_like (community_post_id, community_post_like_id, user_id, created_at, updated_at)
VALUES (23, 101, 3, '2024-08-04 19:53:03', '2024-08-04 19:53:03');

INSERT INTO community_post_like (community_post_id, community_post_like_id, user_id, created_at, updated_at)
VALUES (23, 102, 4, '2024-08-04 19:53:03', '2024-08-04 19:53:03');

INSERT INTO community_post_like (community_post_id, community_post_like_id, user_id, created_at, updated_at)
VALUES (23, 103, 5, '2024-08-04 19:53:03', '2024-08-04 19:53:03');

INSERT INTO community_post_like (community_post_id, community_post_like_id, user_id, created_at, updated_at)
VALUES (23, 104, 6, '2024-08-04 19:53:03', '2024-08-04 19:53:03');

INSERT INTO community_post_like (community_post_id, community_post_like_id, user_id, created_at, updated_at)
VALUES (24, 105, 1, '2024-08-04 19:53:03', '2024-08-04 19:53:03');

INSERT INTO community_post_like (community_post_id, community_post_like_id, user_id, created_at, updated_at)
VALUES (24, 106, 2, '2024-08-04 19:53:03', '2024-08-04 19:53:03');

INSERT INTO community_post_like (community_post_id, community_post_like_id, user_id, created_at, updated_at)
VALUES (24, 107, 3, '2024-08-04 19:53:03', '2024-08-04 19:53:03');

INSERT INTO community_post_like (community_post_id, community_post_like_id, user_id, created_at, updated_at)
VALUES (25, 108, 1, '2024-08-04 19:53:03', '2024-08-04 19:53:03');

INSERT INTO community_post_like (community_post_id, community_post_like_id, user_id, created_at, updated_at)
VALUES (25, 109, 2, '2024-08-04 19:53:03', '2024-08-04 19:53:03');

INSERT INTO community_post_like (community_post_id, community_post_like_id, user_id, created_at, updated_at)
VALUES (25, 110, 3, '2024-08-04 19:53:03', '2024-08-04 19:53:03');

INSERT INTO community_post_like (community_post_id, community_post_like_id, user_id, created_at, updated_at)
VALUES (25, 111, 4, '2024-08-04 19:53:03', '2024-08-04 19:53:03');

INSERT INTO community_post_like (community_post_id, community_post_like_id, user_id, created_at, updated_at)
VALUES (26, 112, 1, '2024-08-04 19:53:03', '2024-08-04 19:53:03');

INSERT INTO community_post_like (community_post_id, community_post_like_id, user_id, created_at, updated_at)
VALUES (26, 113, 2, '2024-08-04 19:53:03', '2024-08-04 19:53:03');

INSERT INTO community_post_like (community_post_id, community_post_like_id, user_id, created_at, updated_at)
VALUES (26, 114, 3, '2024-08-04 19:53:03', '2024-08-04 19:53:03');

INSERT INTO community_post_like (community_post_id, community_post_like_id, user_id, created_at, updated_at)
VALUES (27, 115, 1, '2024-08-04 19:53:03', '2024-08-04 19:53:03');

INSERT INTO community_post_like (community_post_id, community_post_like_id, user_id, created_at, updated_at)
VALUES (27, 116, 2, '2024-08-04 19:53:03', '2024-08-04 19:53:03');

INSERT INTO community_post_like (community_post_id, community_post_like_id, user_id, created_at, updated_at)
VALUES (27, 117, 3, '2024-08-04 19:53:03', '2024-08-04 19:53:03');

INSERT INTO community_post_like (community_post_id, community_post_like_id, user_id, created_at, updated_at)
VALUES (27, 118, 4, '2024-08-04 19:53:03', '2024-08-04 19:53:03');

INSERT INTO community_post_like (community_post_id, community_post_like_id, user_id, created_at, updated_at)
VALUES (27, 119, 5, '2024-08-04 19:53:03', '2024-08-04 19:53:03');

INSERT INTO community_post_like (community_post_id, community_post_like_id, user_id, created_at, updated_at)
VALUES (27, 120, 6, '2024-08-04 19:53:03', '2024-08-04 19:53:03');

INSERT INTO community_post_like (community_post_id, community_post_like_id, user_id, created_at, updated_at)
VALUES (27, 121, 7, '2024-08-04 19:53:03', '2024-08-04 19:53:03');

INSERT INTO community_post_like (community_post_id, community_post_like_id, user_id, created_at, updated_at)
VALUES (28, 122, 1, '2024-08-04 19:53:03', '2024-08-04 19:53:03');

INSERT INTO community_post_like (community_post_id, community_post_like_id, user_id, created_at, updated_at)
VALUES (28, 123, 2, '2024-08-04 19:53:03', '2024-08-04 19:53:03');

INSERT INTO community_post_like (community_post_id, community_post_like_id, user_id, created_at, updated_at)
VALUES (28, 124, 3, '2024-08-04 19:53:03', '2024-08-04 19:53:03');

INSERT INTO community_post_like (community_post_id, community_post_like_id, user_id, created_at, updated_at)
VALUES (28, 125, 4, '2024-08-04 19:53:03', '2024-08-04 19:53:03');

INSERT INTO community_post_like (community_post_id, community_post_like_id, user_id, created_at, updated_at)
VALUES (28, 126, 5, '2024-08-04 19:53:03', '2024-08-04 19:53:03');

INSERT INTO community_post_like (community_post_id, community_post_like_id, user_id, created_at, updated_at)
VALUES (29, 127, 1, '2024-08-04 19:53:03', '2024-08-04 19:53:03');

INSERT INTO community_post_like (community_post_id, community_post_like_id, user_id, created_at, updated_at)
VALUES (29, 128, 2, '2024-08-04 19:53:03', '2024-08-04 19:53:03');

INSERT INTO community_post_like (community_post_id, community_post_like_id, user_id, created_at, updated_at)
VALUES (29, 129, 3, '2024-08-04 19:53:03', '2024-08-04 19:53:03');

INSERT INTO community_post_like (community_post_id, community_post_like_id, user_id, created_at, updated_at)
VALUES (30, 130, 1, '2024-08-04 19:53:03', '2024-08-04 19:53:03');

INSERT INTO community_post_like (community_post_id, community_post_like_id, user_id, created_at, updated_at)
VALUES (30, 131, 2, '2024-08-04 19:53:03', '2024-08-04 19:53:03');

INSERT INTO community_post_like (community_post_id, community_post_like_id, user_id, created_at, updated_at)
VALUES (30, 132, 3, '2024-08-04 19:53:03', '2024-08-04 19:53:03');

INSERT INTO community_post_like (community_post_id, community_post_like_id, user_id, created_at, updated_at)
VALUES (30, 133, 4, '2024-08-04 19:53:03', '2024-08-04 19:53:03');

INSERT INTO community_post_like (community_post_id, community_post_like_id, user_id, created_at, updated_at)
VALUES (30, 134, 5, '2024-08-04 19:53:03', '2024-08-04 19:53:03');

INSERT INTO community_post_like (community_post_id, community_post_like_id, user_id, created_at, updated_at)
VALUES (30, 135, 6, '2024-08-04 19:53:03', '2024-08-04 19:53:03');

INSERT INTO community_post_like (community_post_id, community_post_like_id, user_id, created_at, updated_at)
VALUES (30, 136, 7, '2024-08-04 19:53:03', '2024-08-04 19:53:03');

INSERT INTO community_post_like (community_post_id, community_post_like_id, user_id, created_at, updated_at)
VALUES (30, 137, 8, '2024-08-04 19:53:03', '2024-08-04 19:53:03');

INSERT INTO community_post_like (community_post_id, community_post_like_id, user_id, created_at, updated_at)
VALUES (30, 138, 9, '2024-08-04 19:53:03', '2024-08-04 19:53:03');

INSERT INTO community_post_like (community_post_id, community_post_like_id, user_id, created_at, updated_at)
VALUES (31, 139, 1, '2024-08-04 19:53:03', '2024-08-04 19:53:03');

INSERT INTO community_post_like (community_post_id, community_post_like_id, user_id, created_at, updated_at)
VALUES (31, 140, 2, '2024-08-04 19:53:03', '2024-08-04 19:53:03');

INSERT INTO community_post_like (community_post_id, community_post_like_id, user_id, created_at, updated_at)
VALUES (32, 141, 1, '2024-08-04 19:53:03', '2024-08-04 19:53:03');

INSERT INTO community_post_like (community_post_id, community_post_like_id, user_id, created_at, updated_at)
VALUES (32, 142, 2, '2024-08-04 19:53:03', '2024-08-04 19:53:03');

INSERT INTO community_post_like (community_post_id, community_post_like_id, user_id, created_at, updated_at)
VALUES (32, 143, 3, '2024-08-04 19:53:03', '2024-08-04 19:53:03');

INSERT INTO community_post_like (community_post_id, community_post_like_id, user_id, created_at, updated_at)
VALUES (32, 144, 4, '2024-08-04 19:53:03', '2024-08-04 19:53:03');

INSERT INTO community_post_like (community_post_id, community_post_like_id, user_id, created_at, updated_at)
VALUES (32, 145, 5, '2024-08-04 19:53:03', '2024-08-04 19:53:03');

INSERT INTO community_post_like (community_post_id, community_post_like_id, user_id, created_at, updated_at)
VALUES (32, 146, 6, '2024-08-04 19:53:03', '2024-08-04 19:53:03');

INSERT INTO community_post_like (community_post_id, community_post_like_id, user_id, created_at, updated_at)
VALUES (32, 147, 7, '2024-08-04 19:53:03', '2024-08-04 19:53:03');

INSERT INTO community_post_like (community_post_id, community_post_like_id, user_id, created_at, updated_at)
VALUES (33, 148, 1, '2024-08-04 19:53:03', '2024-08-04 19:53:03');

INSERT INTO community_post_like (community_post_id, community_post_like_id, user_id, created_at, updated_at)
VALUES (33, 149, 2, '2024-08-04 19:53:03', '2024-08-04 19:53:03');



-- trade_post & trade_wish_crop_category & trade_post_image

INSERT INTO bartter.trade_post(crop_category_id, crop_id, location_id, trade_is_share, trade_post_id, user_id, created_at, updated_at, trade_post_content, trade_post_title, trade_post_status)
VALUES(5, null, 992, false, 1, 3, '2024-08-12 00:29:45', '2024-08-12 00:29:45',
       '오이가주렁주렁나네요 제철옥수수랑 교환원합니다', '오이 드립니다', 'PROGRESS');

INSERT INTO bartter.trade_wish_crop_category (crop_category_id, trade_post_id, trade_wish_crop_category_id)
VALUES (4, 1, 1);

INSERT INTO bartter.trade_post_image (trade_post_id, trade_post_image_id, trade_post_image_order, created_at, updated_at, trade_post_image_url)
VALUES (1, 1, 1, '2024-08-13 00:29:45', '2024-08-13 00:29:45', 'https://d1tknhgbpjhaqe.cloudfront.net/trade_1');



INSERT INTO bartter.trade_post(crop_category_id, crop_id, location_id, trade_is_share, trade_post_id, user_id, created_at, updated_at, trade_post_content, trade_post_title, trade_post_status)
VALUES(13, null, 992, false, 2, 15, '2024-08-12 00:30:45', '2024-08-12 00:30:45',
       '토마토가 갈라져서 보기는 안좋지만 맛이있습니다 아무 작물이나 주셔도 돼요', '갈라진 토마토', 'PROGRESS');

INSERT INTO bartter.trade_wish_crop_category (crop_category_id, trade_post_id, trade_wish_crop_category_id)
VALUES (26, 2, 2);

INSERT INTO bartter.trade_post_image (trade_post_id, trade_post_image_id, trade_post_image_order, created_at, updated_at, trade_post_image_url)
VALUES (2, 2, 1, '2024-08-13 00:29:45', '2024-08-13 00:29:45', 'https://d1tknhgbpjhaqe.cloudfront.net/trade_2');



INSERT INTO bartter.trade_post(crop_category_id, crop_id, location_id, trade_is_share, trade_post_id, user_id, created_at, updated_at, trade_post_content, trade_post_title, trade_post_status)
VALUES(21, 1, 992, false, 3, 6, '2024-08-12 00:31:45', '2024-08-12 00:31:45',
       '참깨가 많이 났어요 나눠줘도 끝이 없네요.여름 과일이 먹고싶네요', '과일로 교환원합니다', 'PROGRESS');

INSERT INTO bartter.trade_wish_crop_category (crop_category_id, trade_post_id, trade_wish_crop_category_id)
VALUES (13, 3, 3);
INSERT INTO bartter.trade_wish_crop_category (crop_category_id, trade_post_id, trade_wish_crop_category_id)
VALUES (15, 3, 4);

INSERT INTO bartter.trade_post_image (trade_post_id, trade_post_image_id, trade_post_image_order, created_at, updated_at, trade_post_image_url)
VALUES (3, 3, 1, '2024-08-13 00:29:45', '2024-08-13 00:29:45', 'https://d1tknhgbpjhaqe.cloudfront.net/trade_3');



INSERT INTO bartter.trade_post(crop_category_id, crop_id, location_id, trade_is_share, trade_post_id, user_id, created_at, updated_at, trade_post_content, trade_post_title, trade_post_status)
VALUES(17, null, 1003, true, 4, 18, '2024-08-12 00:32:45', '2024-08-12 00:32:45',
       '고추가 많이 매워요!!! 요리에 조금씩 넣어서 드시라고 나눔합니다.', '매운 고추 나눔', 'PROGRESS');

INSERT INTO bartter.trade_post_image (trade_post_id, trade_post_image_id, trade_post_image_order, created_at, updated_at, trade_post_image_url)
VALUES (4, 4, 1, '2024-08-13 00:29:45', '2024-08-13 00:29:45', 'https://d1tknhgbpjhaqe.cloudfront.net/trade_4_1');
INSERT INTO bartter.trade_post_image (trade_post_id, trade_post_image_id, trade_post_image_order, created_at, updated_at, trade_post_image_url)
VALUES (4, 5, 2, '2024-08-13 00:29:45', '2024-08-13 00:29:45', 'https://d1tknhgbpjhaqe.cloudfront.net/trade_4_2');



INSERT INTO bartter.trade_post(crop_category_id, crop_id, location_id, trade_is_share, trade_post_id, user_id, created_at, updated_at, trade_post_content, trade_post_title, trade_post_status)
VALUES(13, 4, 992, false, 5, 15, '2024-08-12 00:33:45', '2024-08-12 00:33:45',
       '옥수수가 먹고싶어요~~~', '정성껏 키운 왕토마토 교환', 'PROGRESS');

INSERT INTO bartter.trade_wish_crop_category (crop_category_id, trade_post_id, trade_wish_crop_category_id)
VALUES (4, 5, 5);

INSERT INTO bartter.trade_post_image (trade_post_id, trade_post_image_id, trade_post_image_order, created_at, updated_at, trade_post_image_url)
VALUES (5, 6, 1, '2024-08-13 00:29:45', '2024-08-13 00:29:45', 'https://d1tknhgbpjhaqe.cloudfront.net/trade_5');



INSERT INTO bartter.trade_post(crop_category_id, crop_id, location_id, trade_is_share, trade_post_id, user_id, created_at, updated_at, trade_post_content, trade_post_title, trade_post_status)
VALUES(10, 5, 992, true, 6, 16, '2024-08-12 00:34:45', '2024-08-12 00:34:45',
       '상추가 미친듯이 자라나네요 나눔 원하시는 분 쪽지주세요 ', '상추 나눔', 'PROGRESS');

INSERT INTO bartter.trade_post_image (trade_post_id, trade_post_image_id, trade_post_image_order, created_at, updated_at, trade_post_image_url)
VALUES (6, 7, 1, '2024-08-13 00:29:45', '2024-08-13 00:29:45', 'https://d1tknhgbpjhaqe.cloudfront.net/trade_6_1');

INSERT INTO bartter.trade_post_image (trade_post_id, trade_post_image_id, trade_post_image_order, created_at, updated_at, trade_post_image_url)
VALUES (6, 8, 2, '2024-08-13 00:29:45', '2024-08-13 00:29:45', 'https://d1tknhgbpjhaqe.cloudfront.net/trade_6_2');



INSERT INTO bartter.trade_post(crop_category_id, crop_id, location_id, trade_is_share, trade_post_id, user_id, created_at, updated_at, trade_post_content, trade_post_title, trade_post_status)
VALUES(19, null, 992, false, 7, 14, '2024-08-12 00:35:45', '2024-08-12 00:35:45',
       '제철 햇감자 드셔보세요 김장하려는데 배추 모종 있으신분은 교환해주시면 감사하겟습니다', '햇감자', 'PROGRESS');

INSERT INTO bartter.trade_wish_crop_category (crop_category_id, trade_post_id, trade_wish_crop_category_id)
VALUES (25, 7, 6);

INSERT INTO bartter.trade_post_image (trade_post_id, trade_post_image_id, trade_post_image_order, created_at, updated_at, trade_post_image_url)
VALUES (7, 9, 1, '2024-08-13 00:29:45', '2024-08-13 00:29:45', 'https://d1tknhgbpjhaqe.cloudfront.net/trade_7');



INSERT INTO bartter.trade_post(crop_category_id, crop_id, location_id, trade_is_share, trade_post_id, user_id, created_at, updated_at, trade_post_content, trade_post_title, trade_post_status)
VALUES(4, null, 1003, false, 8, 2, '2024-08-12 00:36:45', '2024-08-12 00:36:45',
       '배추 모종 있으신분 연락주세요 옥수수 만이 드릴개요', '옥수수와 배추 교환합니다', 'PROGRESS');

INSERT INTO bartter.trade_wish_crop_category (crop_category_id, trade_post_id, trade_wish_crop_category_id)
VALUES (25, 8, 7);

INSERT INTO bartter.trade_post_image (trade_post_id, trade_post_image_id, trade_post_image_order, created_at, updated_at, trade_post_image_url)
VALUES (8, 10, 1, '2024-08-13 00:29:45', '2024-08-13 00:29:45', 'https://d1tknhgbpjhaqe.cloudfront.net/trade_8');



INSERT INTO bartter.trade_post(crop_category_id, crop_id, location_id, trade_is_share, trade_post_id, user_id, created_at, updated_at, trade_post_content, trade_post_title, trade_post_status)
VALUES(15, null, 1003, false, 9, 4, '2024-08-13 00:29:45', '2024-08-13 00:29:45',
       '햇감자 먹고싶어요 열심히 키운 복숭아 드셔보세요 신선합니다', '복숭아 교환해요', 'PROGRESS');

INSERT INTO bartter.trade_wish_crop_category (crop_category_id, trade_post_id, trade_wish_crop_category_id)
VALUES (19, 9, 8);

INSERT INTO bartter.trade_post_image (trade_post_id, trade_post_image_id, trade_post_image_order, created_at, updated_at, trade_post_image_url)
VALUES (9, 11, 1, '2024-08-13 00:29:45', '2024-08-13 00:29:45', 'https://d1tknhgbpjhaqe.cloudfront.net/trade_9');



INSERT INTO bartter.trade_post(crop_category_id, crop_id, location_id, trade_is_share, trade_post_id, user_id, created_at, updated_at, trade_post_content, trade_post_title, trade_post_status)
VALUES(21, 1, 992, false, 10, 6, '2024-08-13 00:30:45', '2024-08-13 00:30:45',
       '참깨 1kg 있습니다 배추 모종 있으신분은 연락주세요 ', '배추 모종 구합니다', 'PROGRESS');

INSERT INTO bartter.trade_wish_crop_category (crop_category_id, trade_post_id, trade_wish_crop_category_id)
VALUES (25, 10, 9);

INSERT INTO bartter.trade_post_image (trade_post_id, trade_post_image_id, trade_post_image_order, created_at, updated_at, trade_post_image_url)
VALUES (10, 12, 1, '2024-08-13 00:29:45', '2024-08-13 00:29:45', 'https://d1tknhgbpjhaqe.cloudfront.net/trade_10');



INSERT INTO bartter.trade_post(crop_category_id, crop_id, location_id, trade_is_share, trade_post_id, user_id, created_at, updated_at, trade_post_content, trade_post_title, trade_post_status)
VALUES(13, null, 992, false, 11, 13, '2024-08-13 00:31:45', '2024-08-13 00:31:45',
       '방금 재배한 토마토 2kg 있습니다. 방금 캔 햇고구마랑 교환원해요!', '고구마 원합니다', 'PROGRESS');

INSERT INTO bartter.trade_wish_crop_category (crop_category_id, trade_post_id, trade_wish_crop_category_id)
VALUES (24, 11, 10);

INSERT INTO bartter.trade_post_image (trade_post_id, trade_post_image_id, trade_post_image_order, created_at, updated_at, trade_post_image_url)
VALUES (11, 13, 1, '2024-08-13 00:29:45', '2024-08-13 00:29:45', 'https://d1tknhgbpjhaqe.cloudfront.net/trade_11');



INSERT INTO bartter.trade_post(crop_category_id, crop_id, location_id, trade_is_share, trade_post_id, user_id, created_at, updated_at, trade_post_content, trade_post_title, trade_post_status)
VALUES(21, 1, 992, false, 12, 6, '2024-08-13 00:32:45', '2024-08-13 00:32:45',
       '참깨 1kg이랑 콩 1kg이랑 교환원해요. 방앗간에서 기름으로 짜면 고소한 참기름이 된답니다.', '참깨 교환합니다', 'PROGRESS');

INSERT INTO bartter.trade_wish_crop_category (crop_category_id, trade_post_id, trade_wish_crop_category_id)
VALUES (2, 12, 11);

INSERT INTO bartter.trade_post_image (trade_post_id, trade_post_image_id, trade_post_image_order, created_at, updated_at, trade_post_image_url)
VALUES (12, 14, 1, '2024-08-13 00:29:45', '2024-08-13 00:29:45', 'https://d1tknhgbpjhaqe.cloudfront.net/trade_12');



INSERT INTO bartter.trade_post(crop_category_id, crop_id, location_id, trade_is_share, trade_post_id, user_id, created_at, updated_at, trade_post_content, trade_post_title, trade_post_status)
VALUES(23, null, 992, true, 13, 7, '2024-08-13 00:33:45', '2024-08-13 00:33:45',
       '딸기 키우고 있는데 아주 많네요.아이들이랑 오셔서 딸기 따기 체험도 하고, 딴 만큼 가져가세요!!', '딸기 체험', 'PROGRESS');

INSERT INTO bartter.trade_post_image (trade_post_id, trade_post_image_id, trade_post_image_order, created_at, updated_at, trade_post_image_url)
VALUES (13, 15, 1, '2024-08-13 00:29:45', '2024-08-13 00:29:45', 'https://d1tknhgbpjhaqe.cloudfront.net/trade_13');



INSERT INTO bartter.trade_post(crop_category_id, crop_id, location_id, trade_is_share, trade_post_id, user_id, created_at, updated_at, trade_post_content, trade_post_title, trade_post_status)
VALUES(8, null, 992, true, 14, 8, '2024-08-13 00:34:45', '2024-08-13 00:34:45',
       '포도 따서 가져가실 분. 드식고 싶은 만큼 맘 껏 포도 따가셔도 됩니다.', '포도 나눔 (직접 수확)', 'PROGRESS');

INSERT INTO bartter.trade_post_image (trade_post_id, trade_post_image_id, trade_post_image_order, created_at, updated_at, trade_post_image_url)
VALUES (14, 16, 1, '2024-08-13 00:29:45', '2024-08-13 00:29:45', 'https://d1tknhgbpjhaqe.cloudfront.net/trade_14');



INSERT INTO bartter.trade_post(crop_category_id, crop_id, location_id, trade_is_share, trade_post_id, user_id, created_at, updated_at, trade_post_content, trade_post_title, trade_post_status)
VALUES(20, null, 1003, false, 15, 17, '2024-08-13 00:35:45', '2024-08-13 00:35:45',
       '호박들이 꽤 많이 컸네요!! 호박이랑 교환 할 야채들 원해요!!!', '아무 야채나 교환 원해요', 'PROGRESS');

INSERT INTO bartter.trade_wish_crop_category (crop_category_id, trade_post_id, trade_wish_crop_category_id)
VALUES (26, 15, 12);

INSERT INTO bartter.trade_post_image (trade_post_id, trade_post_image_id, trade_post_image_order, created_at, updated_at, trade_post_image_url)
VALUES (15, 17, 1, '2024-08-13 00:29:45', '2024-08-13 00:29:45', 'https://d1tknhgbpjhaqe.cloudfront.net/trade_15_1');
INSERT INTO bartter.trade_post_image (trade_post_id, trade_post_image_id, trade_post_image_order, created_at, updated_at, trade_post_image_url)
VALUES (15, 18, 2, '2024-08-13 00:29:45', '2024-08-13 00:29:45', 'https://d1tknhgbpjhaqe.cloudfront.net/trade_15_2');



INSERT INTO bartter.trade_post(crop_category_id, crop_id, location_id, trade_is_share, trade_post_id, user_id, created_at, updated_at, trade_post_content, trade_post_title, trade_post_status)
VALUES(15, null, 992, false, 16, 19, '2024-08-13 00:36:45', '2024-08-13 00:36:45',
       '복숭아가 아주 예쁘게 자랐어요! 딱복 좋아하시는 분!!! 지금 딱 알맞게 익었어요!~ 콩이랑 교환 원해요!!', '딱복 교환', 'PROGRESS');

INSERT INTO bartter.trade_wish_crop_category (crop_category_id, trade_post_id, trade_wish_crop_category_id)
VALUES (2, 16, 13);

INSERT INTO bartter.trade_post_image (trade_post_id, trade_post_image_id, trade_post_image_order, created_at, updated_at, trade_post_image_url)
VALUES (16, 19, 1, '2024-08-13 00:29:45', '2024-08-13 00:29:45', 'https://d1tknhgbpjhaqe.cloudfront.net/trade_16');



INSERT INTO bartter.trade_post(crop_category_id, crop_id, location_id, trade_is_share, trade_post_id, user_id, created_at, updated_at, trade_post_content, trade_post_title, trade_post_status)
VALUES(13, 15, 992, false, 17, 15, '2024-08-13 00:37:45', '2024-08-13 00:37:45',
       '집에서 유기농으로 재배한 방울토마토 넉넉,,하게 있습니다,, 맥심 모카골드 믹스커피 원합니다,,', '방울 토마토 드려요', 'PROGRESS');

INSERT INTO bartter.trade_wish_crop_category (crop_category_id, trade_post_id, trade_wish_crop_category_id)
VALUES (26, 17, 14);

INSERT INTO bartter.trade_post_image (trade_post_id, trade_post_image_id, trade_post_image_order, created_at, updated_at, trade_post_image_url)
VALUES (17, 20, 1, '2024-08-13 00:29:45', '2024-08-13 00:29:45', 'https://d1tknhgbpjhaqe.cloudfront.net/trade_17_1');
INSERT INTO bartter.trade_post_image (trade_post_id, trade_post_image_id, trade_post_image_order, created_at, updated_at, trade_post_image_url)
VALUES (17, 21, 2, '2024-08-13 00:29:45', '2024-08-13 00:29:45', 'https://d1tknhgbpjhaqe.cloudfront.net/trade_17_2');



INSERT INTO bartter.trade_post(crop_category_id, crop_id, location_id, trade_is_share, trade_post_id, user_id, created_at, updated_at, trade_post_content, trade_post_title, trade_post_status)
VALUES(19, null, 992, false, 18, 14, '2024-08-13 00:38:45', '2024-08-13 00:38:45',
       '감자 실한놈 몇개 있습니다,, 키위 제스프리 골드 키위면 좋은데 그냥 키위도 괜찮습니다,,', '실한 감자 1kg', 'PROGRESS');

INSERT INTO bartter.trade_wish_crop_category (crop_category_id, trade_post_id, trade_wish_crop_category_id)
VALUES (26, 18, 15);

INSERT INTO bartter.trade_post_image (trade_post_id, trade_post_image_id, trade_post_image_order, created_at, updated_at, trade_post_image_url)
VALUES (18, 22, 1, '2024-08-13 00:29:45', '2024-08-13 00:29:45', 'https://d1tknhgbpjhaqe.cloudfront.net/trade_18_1');
INSERT INTO bartter.trade_post_image (trade_post_id, trade_post_image_id, trade_post_image_order, created_at, updated_at, trade_post_image_url)
VALUES (18, 23, 2, '2024-08-13 00:29:45', '2024-08-13 00:29:45', 'https://d1tknhgbpjhaqe.cloudfront.net/trade_18_2');


INSERT INTO bartter.trade_post(crop_category_id, crop_id, location_id, trade_is_share, trade_post_id, user_id, created_at, updated_at, trade_post_content, trade_post_title, trade_post_status)
VALUES(11, null, 992, false, 19, 9, '2024-08-13 00:39:45', '2024-08-13 00:39:45',
       '제주도 지인한테 받은 귤이 남아서요,,, 감자랑 교환 하실분 있으신가요??', '제주도 귤', 'PROGRESS');

INSERT INTO bartter.trade_wish_crop_category (crop_category_id, trade_post_id, trade_wish_crop_category_id)
VALUES (19, 19, 16);

INSERT INTO bartter.trade_post_image (trade_post_id, trade_post_image_id, trade_post_image_order, created_at, updated_at, trade_post_image_url)
VALUES (19, 24, 1, '2024-08-13 00:29:45', '2024-08-13 00:29:45', 'https://d1tknhgbpjhaqe.cloudfront.net/trade_19');


INSERT INTO bartter.trade_post(crop_category_id, crop_id, location_id, trade_is_share, trade_post_id, user_id, created_at, updated_at, trade_post_content, trade_post_title, trade_post_status)
VALUES(5, null, 992, false, 20, 6, '2024-08-13 00:39:45', '2024-08-13 00:39:45',
       '이번주에 가족들이랑 삼겹살을 먹기로 했는대 오이랑.고기. 필요한 음식 교환 하실 분 구함니다,,', '쌈채소주새요', 'PROGRESS');

INSERT INTO bartter.trade_wish_crop_category (crop_category_id, trade_post_id, trade_wish_crop_category_id)
VALUES (7, 20, 17);
INSERT INTO bartter.trade_wish_crop_category (crop_category_id, trade_post_id, trade_wish_crop_category_id)
VALUES (10, 20, 18);
INSERT INTO bartter.trade_wish_crop_category (crop_category_id, trade_post_id, trade_wish_crop_category_id)
VALUES (17, 20, 19);

INSERT INTO bartter.trade_post_image (trade_post_id, trade_post_image_id, trade_post_image_order, created_at, updated_at, trade_post_image_url)
VALUES (20, 25, 1, '2024-08-13 00:29:45', '2024-08-13 00:29:45', 'https://d1tknhgbpjhaqe.cloudfront.net/trade_20');



-- trade_post_like

INSERT INTO trade_post_like (trade_post_id, trade_post_like_id, user_id, created_at, updated_at)
VALUES (1, 1, 5, '2024-08-04 19:31:58', '2024-08-04 19:31:58');

INSERT INTO trade_post_like (trade_post_id, trade_post_like_id, user_id, created_at, updated_at)
VALUES (2, 2, 5, '2024-08-04 19:31:58', '2024-08-04 19:31:58');
INSERT INTO trade_post_like (trade_post_id, trade_post_like_id, user_id, created_at, updated_at)
VALUES (2, 3, 6, '2024-08-04 19:31:58', '2024-08-04 19:31:58');


INSERT INTO trade_post_like (trade_post_id, trade_post_like_id, user_id, created_at, updated_at)
VALUES (4, 4, 5, '2024-08-04 19:31:58', '2024-08-04 19:31:58');

INSERT INTO trade_post_like (trade_post_id, trade_post_like_id, user_id, created_at, updated_at)
VALUES (5, 5, 5, '2024-08-04 19:31:58', '2024-08-04 19:31:58');
INSERT INTO trade_post_like (trade_post_id, trade_post_like_id, user_id, created_at, updated_at)
VALUES (5, 6, 6, '2024-08-04 19:31:58', '2024-08-04 19:31:58');


INSERT INTO trade_post_like (trade_post_id, trade_post_like_id, user_id, created_at, updated_at)
VALUES (7, 7, 5, '2024-08-04 19:31:58', '2024-08-04 19:31:58');

INSERT INTO trade_post_like (trade_post_id, trade_post_like_id, user_id, created_at, updated_at)
VALUES (8, 8, 5, '2024-08-04 19:31:58', '2024-08-04 19:31:58');
INSERT INTO trade_post_like (trade_post_id, trade_post_like_id, user_id, created_at, updated_at)
VALUES (8, 9, 6, '2024-08-04 19:31:58', '2024-08-04 19:31:58');


INSERT INTO trade_post_like (trade_post_id, trade_post_like_id, user_id, created_at, updated_at)
VALUES (10, 10, 5, '2024-08-04 19:31:58', '2024-08-04 19:31:58');

INSERT INTO trade_post_like (trade_post_id, trade_post_like_id, user_id, created_at, updated_at)
VALUES (11, 11, 5, '2024-08-04 19:31:58', '2024-08-04 19:31:58');
INSERT INTO trade_post_like (trade_post_id, trade_post_like_id, user_id, created_at, updated_at)
VALUES (11, 12, 6, '2024-08-04 19:31:58', '2024-08-04 19:31:58');


INSERT INTO trade_post_like (trade_post_id, trade_post_like_id, user_id, created_at, updated_at)
VALUES (13, 13, 5, '2024-08-04 19:31:58', '2024-08-04 19:31:58');

INSERT INTO trade_post_like (trade_post_id, trade_post_like_id, user_id, created_at, updated_at)
VALUES (14, 14, 5, '2024-08-04 19:31:58', '2024-08-04 19:31:58');
INSERT INTO trade_post_like (trade_post_id, trade_post_like_id, user_id, created_at, updated_at)
VALUES (14, 15, 6, '2024-08-04 19:31:58', '2024-08-04 19:31:58');


INSERT INTO trade_post_like (trade_post_id, trade_post_like_id, user_id, created_at, updated_at)
VALUES (16, 16, 5, '2024-08-04 19:31:58', '2024-08-04 19:31:58');

INSERT INTO trade_post_like (trade_post_id, trade_post_like_id, user_id, created_at, updated_at)
VALUES (17, 17, 5, '2024-08-04 19:31:58', '2024-08-04 19:31:58');
INSERT INTO trade_post_like (trade_post_id, trade_post_like_id, user_id, created_at, updated_at)
VALUES (17, 18, 6, '2024-08-04 19:31:58', '2024-08-04 19:31:58');


INSERT INTO trade_post_like (trade_post_id, trade_post_like_id, user_id, created_at, updated_at)
VALUES (19, 19, 5, '2024-08-04 19:31:58', '2024-08-04 19:31:58');

INSERT INTO trade_post_like (trade_post_id, trade_post_like_id, user_id, created_at, updated_at)
VALUES (20, 20, 5, '2024-08-04 19:31:58', '2024-08-04 19:31:58');
INSERT INTO trade_post_like (trade_post_id, trade_post_like_id, user_id, created_at, updated_at)
VALUES (20, 21, 6, '2024-08-04 19:31:58', '2024-08-04 19:31:58');