-- user (20)
INSERT INTO user (delete_status, location_id, user_birth_date, user_id, created_at, deleted_at, updated_at, user_phone,
                  user_email, user_username, user_provider_id, user_nickname, user_password, user_profile_image,
                  user_profile_message, user_gender)
VALUES (false, 2024, '1990-01-01', 1, '2024-08-04 19:31:58', NULL, '2024-08-04 19:31:58', '01012345678',
        'user@example.com', 'kiwibartter1', NULL, '꽃분아빠',
        '$2a$12$KKPqUFfNuwCvOEaKFgU.eehej.TZxXyqBTVuQCr2y2.HLFL2VSgcm', 'http://d1tknhgbpjhaqe.cloudfront.net/user/1',
        '안녕하세요, 꽃분아빠입니다.', 'M');

INSERT INTO user (delete_status, location_id, user_birth_date, user_id, created_at, deleted_at, updated_at, user_phone,
                  user_email, user_username, user_provider_id, user_nickname, user_password, user_profile_image,
                  user_profile_message, user_gender)
VALUES (false, 2024, '1990-01-01', 2, '2024-08-04 19:31:58', NULL, '2024-08-04 19:31:58', '01012345678',
        'user@example.com', 'kiwibartter2', NULL, '사랑둥이임애자',
        '$2a$12$KKPqUFfNuwCvOEaKFgU.eehej.TZxXyqBTVuQCr2y2.HLFL2VSgcm', 'http://d1tknhgbpjhaqe.cloudfront.net/user/2',
        '안녕하세요, 사랑둥이임애자입니다.', 'M');

INSERT INTO user (delete_status, location_id, user_birth_date, user_id, created_at, deleted_at, updated_at, user_phone,
                  user_email, user_username, user_provider_id, user_nickname, user_password, user_profile_image,
                  user_profile_message, user_gender)
VALUES (false, 2024, '1990-01-01', 3, '2024-08-04 19:31:58', NULL, '2024-08-04 19:31:58', '01012345678',
        'user@example.com', 'kiwibartter3', NULL, '돼지띠곽두철',
        '$2a$12$KKPqUFfNuwCvOEaKFgU.eehej.TZxXyqBTVuQCr2y2.HLFL2VSgcm', 'http://d1tknhgbpjhaqe.cloudfront.net/user/3',
        '안녕하세요, 돼지띠곽두철입니다.', 'M');

INSERT INTO user (delete_status, location_id, user_birth_date, user_id, created_at, deleted_at, updated_at, user_phone,
                  user_email, user_username, user_provider_id, user_nickname, user_password, user_profile_image,
                  user_profile_message, user_gender)
VALUES (false, 2024, '1990-01-01', 4, '2024-08-04 19:31:58', NULL, '2024-08-04 19:31:58', '01012345678',
        'user@example.com', 'kiwibartter4', NULL, '아카시아향기',
        '$2a$12$KKPqUFfNuwCvOEaKFgU.eehej.TZxXyqBTVuQCr2y2.HLFL2VSgcm', 'http://d1tknhgbpjhaqe.cloudfront.net/user/4',
        '안녕하세요, 아카시아향기입니다.', 'M');

INSERT INTO user (delete_status, location_id, user_birth_date, user_id, created_at, deleted_at, updated_at, user_phone,
                  user_email, user_username, user_provider_id, user_nickname, user_password, user_profile_image,
                  user_profile_message, user_gender)
VALUES (false, 2024, '1990-01-01', 5, '2024-08-04 19:31:58', NULL, '2024-08-04 19:31:58', '01012345678',
        'user@example.com', 'kiwibartter5', NULL, '민지아빠김두철',
        '$2a$12$KKPqUFfNuwCvOEaKFgU.eehej.TZxXyqBTVuQCr2y2.HLFL2VSgcm', 'http://d1tknhgbpjhaqe.cloudfront.net/user/5',
        '안녕하세요, 민지아빠김두철입니다.', 'M');

INSERT INTO user (delete_status, location_id, user_birth_date, user_id, created_at, deleted_at, updated_at, user_phone,
                  user_email, user_username, user_provider_id, user_nickname, user_password, user_profile_image,
                  user_profile_message, user_gender)
VALUES (false, 992, '1990-01-01', 6, '2024-08-04 19:31:58', NULL, '2024-08-04 19:31:58', '01012345678',
        'user@example.com', 'kiwibartter6', NULL, '홍두깨.보현.오빠',
        '$2a$12$KKPqUFfNuwCvOEaKFgU.eehej.TZxXyqBTVuQCr2y2.HLFL2VSgcm', 'http://d1tknhgbpjhaqe.cloudfront.net/user/6',
        '안녕하세요, 홍두깨.보현.오빠입니다.', 'M');

INSERT INTO user (delete_status, location_id, user_birth_date, user_id, created_at, deleted_at, updated_at, user_phone,
                  user_email, user_username, user_provider_id, user_nickname, user_password, user_profile_image,
                  user_profile_message, user_gender)
VALUES (false, 992, '1990-01-01', 7, '2024-08-04 19:31:58', NULL, '2024-08-04 19:31:58', '01012345678',
        'user@example.com', 'kiwibartter7', NULL, '임순애임니다',
        '$2a$12$KKPqUFfNuwCvOEaKFgU.eehej.TZxXyqBTVuQCr2y2.HLFL2VSgcm', 'http://d1tknhgbpjhaqe.cloudfront.net/user/7',
        '안녕하세요, 임순애임니다입니다.', 'M');

INSERT INTO user (delete_status, location_id, user_birth_date, user_id, created_at, deleted_at, updated_at, user_phone,
                  user_email, user_username, user_provider_id, user_nickname, user_password, user_profile_image,
                  user_profile_message, user_gender)
VALUES (false, 992, '1990-01-01', 8, '2024-08-04 19:31:58', NULL, '2024-08-04 19:31:58', '01012345678',
        'user@example.com', 'kiwibartter8', NULL, '담양미남김삼철',
        '$2a$12$KKPqUFfNuwCvOEaKFgU.eehej.TZxXyqBTVuQCr2y2.HLFL2VSgcm', 'http://d1tknhgbpjhaqe.cloudfront.net/user/8',
        '안녕하세요, 담양미남김삼철입니다.', 'M');

INSERT INTO user (delete_status, location_id, user_birth_date, user_id, created_at, deleted_at, updated_at, user_phone,
                  user_email, user_username, user_provider_id, user_nickname, user_password, user_profile_image,
                  user_profile_message, user_gender)
VALUES (false, 992, '1990-01-01', 9, '2024-08-04 19:31:58', NULL, '2024-08-04 19:31:58', '01012345678',
        'user@example.com', 'kiwibartter9', NULL, '김용수수밭',
        '$2a$12$KKPqUFfNuwCvOEaKFgU.eehej.TZxXyqBTVuQCr2y2.HLFL2VSgcm', 'http://d1tknhgbpjhaqe.cloudfront.net/user/9',
        '안녕하세요, 김용수수밭입니다.', 'M');

INSERT INTO user (delete_status, location_id, user_birth_date, user_id, created_at, deleted_at, updated_at, user_phone,
                  user_email, user_username, user_provider_id, user_nickname, user_password, user_profile_image,
                  user_profile_message, user_gender)
VALUES (false, 992, '1990-01-01', 10, '2024-08-04 19:31:58', NULL, '2024-08-04 19:31:58', '01012345678',
        'user@example.com', 'kiwibartter10', NULL, '꽃다운나이조상봉',
        '$2a$12$KKPqUFfNuwCvOEaKFgU.eehej.TZxXyqBTVuQCr2y2.HLFL2VSgcm', 'http://d1tknhgbpjhaqe.cloudfront.net/user/10',
        '안녕하세요, 꽃다운나이조상봉입니다.', 'M');

INSERT INTO user (delete_status, location_id, user_birth_date, user_id, created_at, deleted_at, updated_at, user_phone,
                  user_email, user_username, user_provider_id, user_nickname, user_password, user_profile_image,
                  user_profile_message, user_gender)
VALUES (false, 992, '1990-01-01', 11, '2024-08-04 19:31:58', NULL, '2024-08-04 19:31:58', '01012345678',
        'user@example.com', 'kiwibartter11', NULL, '오늘도행복한우리동네',
        '$2a$12$KKPqUFfNuwCvOEaKFgU.eehej.TZxXyqBTVuQCr2y2.HLFL2VSgcm', 'http://d1tknhgbpjhaqe.cloudfront.net/user/11',
        '안녕하세요, 오늘도행복한우리동네입니다.', 'M');

INSERT INTO user (delete_status, location_id, user_birth_date, user_id, created_at, deleted_at, updated_at, user_phone,
                  user_email, user_username, user_provider_id, user_nickname, user_password, user_profile_image,
                  user_profile_message, user_gender)
VALUES (false, 992, '1990-01-01', 12, '2024-08-04 19:31:58', NULL, '2024-08-04 19:31:58', '01012345678',
        'user@example.com', 'kiwibartter12', NULL, '이덕순예요',
        '$2a$12$KKPqUFfNuwCvOEaKFgU.eehej.TZxXyqBTVuQCr2y2.HLFL2VSgcm', 'http://d1tknhgbpjhaqe.cloudfront.net/user/12',
        '안녕하세요, 이덕순예요입니다.', 'M');

INSERT INTO user (delete_status, location_id, user_birth_date, user_id, created_at, deleted_at, updated_at, user_phone,
                  user_email, user_username, user_provider_id, user_nickname, user_password, user_profile_image,
                  user_profile_message, user_gender)
VALUES (false, 992, '1990-01-01', 13, '2024-08-04 19:31:58', NULL, '2024-08-04 19:31:58', '01012345678',
        'user@example.com', 'kiwibartter13', NULL, '행복한사과상점전일봉',
        '$2a$12$KKPqUFfNuwCvOEaKFgU.eehej.TZxXyqBTVuQCr2y2.HLFL2VSgcm', 'http://d1tknhgbpjhaqe.cloudfront.net/user/13',
        '안녕하세요, 행복한사과상점전일봉입니다.', 'M');

INSERT INTO user (delete_status, location_id, user_birth_date, user_id, created_at, deleted_at, updated_at, user_phone,
                  user_email, user_username, user_provider_id, user_nickname, user_password, user_profile_image,
                  user_profile_message, user_gender)
VALUES (false, 992, '1990-01-01', 14, '2024-08-04 19:31:58', NULL, '2024-08-04 19:31:58', '01012345678',
        'user@example.com', 'kiwibartter14', NULL, '감자농사김훈돌',
        '$2a$12$KKPqUFfNuwCvOEaKFgU.eehej.TZxXyqBTVuQCr2y2.HLFL2VSgcm', 'http://d1tknhgbpjhaqe.cloudfront.net/user/14',
        '안녕하세요, 감자농사김훈돌입니다.', 'M');

INSERT INTO user (delete_status, location_id, user_birth_date, user_id, created_at, deleted_at, updated_at, user_phone,
                  user_email, user_username, user_provider_id, user_nickname, user_password, user_profile_image,
                  user_profile_message, user_gender)
VALUES (false, 992, '1990-01-01', 15, '2024-08-04 19:31:58', NULL, '2024-08-04 19:31:58', '01012345678',
        'user@example.com', 'kiwibartter15', NULL, '수완지구토마토왕유지연',
        '$2a$12$KKPqUFfNuwCvOEaKFgU.eehej.TZxXyqBTVuQCr2y2.HLFL2VSgcm', 'http://d1tknhgbpjhaqe.cloudfront.net/user/15',
        '안녕하세요, 수완지구토마토왕유지연입니다.', 'M');

INSERT INTO user (delete_status, location_id, user_birth_date, user_id, created_at, deleted_at, updated_at, user_phone,
                  user_email, user_username, user_provider_id, user_nickname, user_password, user_profile_image,
                  user_profile_message, user_gender)
VALUES (false, 992, '1990-01-01', 16, '2024-08-04 19:31:58', NULL, '2024-08-04 19:31:58', '01012345678',
        'user@example.com', 'kiwibartter16', NULL, '민영이네상추이야기',
        '$2a$12$KKPqUFfNuwCvOEaKFgU.eehej.TZxXyqBTVuQCr2y2.HLFL2VSgcm', 'http://d1tknhgbpjhaqe.cloudfront.net/user/16',
        '안녕하세요, 민영이네상추이야기입니다.', 'M');

INSERT INTO user (delete_status, location_id, user_birth_date, user_id, created_at, deleted_at, updated_at, user_phone,
                  user_email, user_username, user_provider_id, user_nickname, user_password, user_profile_image,
                  user_profile_message, user_gender)
VALUES (false, 3015, '1990-01-01', 17, '2024-08-04 19:31:58', NULL, '2024-08-04 19:31:58', '01012345678',
        'user@example.com', 'kiwibartter17', NULL, '좋은인연',
        '$2a$12$KKPqUFfNuwCvOEaKFgU.eehej.TZxXyqBTVuQCr2y2.HLFL2VSgcm', 'http://d1tknhgbpjhaqe.cloudfront.net/user/17',
        '안녕하세요, 좋은인연입니다.', 'M');

INSERT INTO user (delete_status, location_id, user_birth_date, user_id, created_at, deleted_at, updated_at, user_phone,
                  user_email, user_username, user_provider_id, user_nickname, user_password, user_profile_image,
                  user_profile_message, user_gender)
VALUES (false, 3015, '1990-01-01', 18, '2024-08-04 19:31:58', NULL, '2024-08-04 19:31:58', '01012345678',
        'user@example.com', 'kiwibartter18', NULL, '복조리농장',
        '$2a$12$KKPqUFfNuwCvOEaKFgU.eehej.TZxXyqBTVuQCr2y2.HLFL2VSgcm', 'http://d1tknhgbpjhaqe.cloudfront.net/user/18',
        '안녕하세요, 복조리농장입니다.', 'M');

INSERT INTO user (delete_status, location_id, user_birth_date, user_id, created_at, deleted_at, updated_at, user_phone,
                  user_email, user_username, user_provider_id, user_nickname, user_password, user_profile_image,
                  user_profile_message, user_gender)
VALUES (false, 3015, '1990-01-01', 19, '2024-08-04 19:31:58', NULL, '2024-08-04 19:31:58', '01012345678',
        'user@example.com', 'kiwibartter19', NULL, '강아지풀김가람',
        '$2a$12$KKPqUFfNuwCvOEaKFgU.eehej.TZxXyqBTVuQCr2y2.HLFL2VSgcm', 'http://d1tknhgbpjhaqe.cloudfront.net/user/19',
        '안녕하세요, 강아지풀김가람입니다.', 'M');

INSERT INTO user (delete_status, location_id, user_birth_date, user_id, created_at, deleted_at, updated_at, user_phone,
                  user_email, user_username, user_provider_id, user_nickname, user_password, user_profile_image,
                  user_profile_message, user_gender)
VALUES (false, 3015, '1990-01-01', 20, '2024-08-04 19:31:58', NULL, '2024-08-04 19:31:58', '01012345678',
        'user@example.com', 'kiwibartter20', NULL, '은퇴후새삶살기',
        '$2a$12$KKPqUFfNuwCvOEaKFgU.eehej.TZxXyqBTVuQCr2y2.HLFL2VSgcm', 'http://d1tknhgbpjhaqe.cloudfront.net/user/20',
        '안녕하세요, 은퇴후새삶살기입니다.', 'M');


-- follow (보현 -> 민영, 지연)

INSERT INTO follow (follow_id, followee_id, follower_id, created_at, updated_at)
VALUES (1, 15, 6, '2024-08-11 11:03:57', '2024-08-11 11:03:57');

INSERT INTO follow (follow_id, followee_id, follower_id, created_at, updated_at)
VALUES (2, 16, 6, '2024-08-11 11:04:00', '2024-08-11 11:04:00');


-- crop

INSERT INTO crop (crop_category_id, crop_grow_date, crop_id, user_id, created_at, updated_at, crop_nickname,
                  crop_description, crop_image)
values (21, '2024-06-20', 1, 6, '2024-08-04 19:31:58', '2024-08-04 19:31:58', '참참참깨', '참참참',
        'http://d1tknhgbpjhaqe.cloudfront.net/mycrop/chamkkae');

INSERT INTO crop (crop_category_id, crop_grow_date, crop_id, user_id, created_at, updated_at, crop_nickname,
                  crop_description, crop_image)
values (5, '2024-07-01', 2, 6, '2024-08-04 19:31:58', '2024-08-04 19:31:58', '오이시쿠나레', '맛있어져라 나의 오이',
        'http://d1tknhgbpjhaqe.cloudfront.net/mycrop/cucumber');

INSERT INTO crop (crop_category_id, crop_grow_date, crop_id, user_id, created_at, updated_at, crop_nickname,
                  crop_description, crop_image)
values (13, '2024-06-01', 3, 15, '2024-08-04 19:31:58', '2024-08-04 19:31:58', '방울방울', '방울 토마토',
        'http://d1tknhgbpjhaqe.cloudfront.net/mycrop/tomato/small');

INSERT INTO crop (crop_category_id, crop_grow_date, crop_id, user_id, created_at, updated_at, crop_nickname,
                  crop_description, crop_image)
values (13, '2024-06-03', 4, 15, '2024-08-04 19:31:58', '2024-08-04 19:31:58', '왕토마토', '나만의 왕토마토',
        'http://d1tknhgbpjhaqe.cloudfront.net/mycrop/tomato/big');

INSERT INTO crop (crop_category_id, crop_grow_date, crop_id, user_id, created_at, updated_at, crop_nickname,
                  crop_description, crop_image)
values (10, '2024-07-01', 5, 16, '2024-08-04 19:31:58', '2024-08-04 19:31:58', '초록이', '무럭무럭 자라라',
        'http://d1tknhgbpjhaqe.cloudfront.net/mycrop/tomato/lettuce');


-- crop_diary

INSERT INTO crop_diary (crop_diary_id, crop_id, created_at, updated_at, crop_diary_title, crop_diary_image,
                        crop_diary_content, crop_diary_perform_date)
VALUES (1, 1, '2024-08-04 19:31:58', '2024-08-04 19:31:58', '제초', 'http://d1tknhgbpjhaqe.cloudfront.net/diary/1/1',
        '참깨밭에 신경을 못 썼더니 풀이 엄청 자라고있다 제초작업했다', '2024-08-05');

INSERT INTO crop_diary (crop_diary_id, crop_id, created_at, updated_at, crop_diary_title, crop_diary_image,
                        crop_diary_content, crop_diary_perform_date)
VALUES (2, 1, '2024-08-04 19:31:58', '2024-08-04 19:31:58', '참깨베는날', 'http://d1tknhgbpjhaqe.cloudfront.net/diary/1/2',
        '드디어 참깨를 베고 묶어서 세웠다 요즘 소나기가 자주 오는 것같아 걱정이다', '2024-08-07');

INSERT INTO crop_diary (crop_diary_id, crop_id, created_at, updated_at, crop_diary_title, crop_diary_image,
                        crop_diary_content, crop_diary_perform_date)
VALUES (3, 1, '2024-08-04 19:31:58', '2024-08-04 19:31:58', '졸린날', 'http://d1tknhgbpjhaqe.cloudfront.net/diary/1/3',
        '새벽부터 마누라랑 참깨 베고왔다', '2024-08-08');

INSERT INTO crop_diary (crop_diary_id, crop_id, created_at, updated_at, crop_diary_title, crop_diary_image,
                        crop_diary_content, crop_diary_perform_date)
VALUES (4, 1, '2024-08-04 19:31:58', '2024-08-04 19:31:58', '털고털고', 'http://d1tknhgbpjhaqe.cloudfront.net/diary/1/4',
        '참깨 턴다고 고생이 많다 우여곡절끝에 많이 털었다 아들에게 나눠줘야겠다', '2024-08-10');

INSERT INTO crop_diary (crop_diary_id, crop_id, created_at, updated_at, crop_diary_title, crop_diary_image,
                        crop_diary_content, crop_diary_perform_date)
VALUES (5, 2, '2024-08-04 19:31:58', '2024-08-04 19:31:58', '거름', 'http://d1tknhgbpjhaqe.cloudfront.net/diary/2/1',
        '거름 주니까 잘자란다', '2024-08-05');

INSERT INTO crop_diary (crop_diary_id, crop_id, created_at, updated_at, crop_diary_title, crop_diary_image,
                        crop_diary_content, crop_diary_perform_date)
VALUES (6, 2, '2024-08-04 19:31:58', '2024-08-04 19:31:58', '뿌듯', 'http://d1tknhgbpjhaqe.cloudfront.net/diary/2/2', '추석전후 수확 할수있게 노지에 다다기오이 모종 덩굴올려 유인하는 작업을 함.
떡잎에서 5마디 정도까지는 오이가 열리지 않게 솎아주기도 함
철파이프와 끈. 집게를 이용하여 유인작업을 마침', '2024-08-09');

INSERT INTO crop_diary (crop_diary_id, crop_id, created_at, updated_at, crop_diary_title, crop_diary_image,
                        crop_diary_content, crop_diary_perform_date)
VALUES (7, 4, '2024-08-04 19:31:58', '2024-08-04 19:31:58', '갈라지는 현상', 'http://d1tknhgbpjhaqe.cloudfront.net/diary/3/1',
        '토마토가 익어가면서 조금 갈라진다 어떻게 하면 좋을까', '2024-08-05');

INSERT INTO crop_diary (crop_diary_id, crop_id, created_at, updated_at, crop_diary_title, crop_diary_image,
                        crop_diary_content, crop_diary_perform_date)
VALUES (8, 4, '2024-08-04 19:31:58', '2024-08-04 19:31:58', '추비', 'http://d1tknhgbpjhaqe.cloudfront.net/diary/3/2',
        '복합비료 추비', '2024-08-07');

INSERT INTO crop_diary (crop_diary_id, crop_id, created_at, updated_at, crop_diary_title, crop_diary_image,
                        crop_diary_content, crop_diary_perform_date)
VALUES (9, 4, '2024-08-04 19:31:58', '2024-08-04 19:31:58', '쥬스', 'http://d1tknhgbpjhaqe.cloudfront.net/diary/3/3',
        '토마토를 수확해서 살짝 데쳐 100% 원액쥬스를 만들어 가족들에게 건강식으로 제공했다', '2024-08-09');

INSERT INTO crop_diary (crop_diary_id, crop_id, created_at, updated_at, crop_diary_title, crop_diary_image,
                        crop_diary_content, crop_diary_perform_date)
VALUES (10, 5, '2024-08-04 19:31:58', '2024-08-04 19:31:58', '예쁘다', 'http://d1tknhgbpjhaqe.cloudfront.net/diary/4/1',
        '오늘 가서 평소처럼 물을 주고 잡초를 뽑아주었다. 싱싱하게 잘자라고 있다', '2024-08-05');

INSERT INTO crop_diary (crop_diary_id, crop_id, created_at, updated_at, crop_diary_title, crop_diary_image,
                        crop_diary_content, crop_diary_perform_date)
VALUES (11, 5, '2024-08-04 19:31:58', '2024-08-04 19:31:58', '배추벌레', 'http://d1tknhgbpjhaqe.cloudfront.net/diary/4/2',
        '아침에 가보니 벌레가 잎을 갉아먹었다. 배추벌레를 귀찮아서 안잡았더니 잎을 갉아먹었다 아직 심각한 정도는 아니네', '2024-08-07');

INSERT INTO crop_diary (crop_diary_id, crop_id, created_at, updated_at, crop_diary_title, crop_diary_image,
                        crop_diary_content, crop_diary_perform_date)
VALUES (12, 5, '2024-08-04 19:31:58', '2024-08-04 19:31:58', '비', 'http://d1tknhgbpjhaqe.cloudfront.net/diary/4/3',
        '어제 비가 많이 왔는데 비를 맞아서 잎이 많이 썩었다. 곧 장마철이라는데 남은 것들이라도 잘 보존해야 할텐데 걱정된다.', '2024-08-09');


-- crop_report

INSERT INTO bartter.crop_report (crop_id, crop_report_id, user_id, created_at, updated_at, crop_report_title,
                                 crop_report_content)
VALUES (2, 1, 6, '2024-08-11 11:32:34', '2024-08-11 20:37:00', '오이시쿠나레의 8월 2주차 재배 요약 보고서', '### 지난 주의 작업 요약
오이시쿠나레, 거름을 주어서 잘 자라는 모습을 확인하셨습니다. 오이에 대한 성장 상태를 지속적으로 주시하며 관리하는 모습이 좋습니다.

### 지난 주 작업의 개선사항
작성자께서는 추석 전후에 수확할 수 있도록 노지에 다다기오이 모종을 덩굴로 올리는 작업을 진행하셨습니다.
다다기오이의 열림을 방지하기 위해 솎아주는 작업도 수행하셨는데, 농사일지에 작업의 세부적인 내용이 잘 기록되어 있습니다.
다만, 추석 전후 수확을 위한 작업 외에도 추가적인 관리나 작업이 필요할 수 있습니다.

### 다음 주의 작업
- 다음 주에는 오이시쿠나레의 덩굴이 올라가는 모습을 계속 지켜보면서 필요한 지지봉이나 끈 등을 추가로 설치해주세요.
- 오이 열림을 방지하는 작업을 지속적으로 실시하면서 오이의 성장 상태를 주시하고 필요한 조치를 취해주세요.
- 노지에 오이를 심은 후에는 오이의 생장 상태를 주기적으로 기록하여 성장 추이를 확인하고 관리에 반영해주세요.
- 오이가 건강하게 자라도록 물 공급과 영양분 공급을 꾸준히 실시해주세요.
- 오이의 열림을 방지하는 작업 외에도 병충해 방지를 위한 예방 작업을 실시하고, 필요한 경우 적절한 대처를 해주세요.
- 오이가 건강하게 자라도록 햇빛을 충분히 받을 수 있도록 관리해주세요.
- 농사일지를 작성하면서 작업의 세부 내용을 자세히 기록하여 더욱 효율적인 농사 경영을 할 수 있도록 노력해주세요.');

INSERT INTO bartter.crop_report (crop_id, crop_report_id, user_id, created_at, updated_at, crop_report_title,
                                 crop_report_content)
VALUES (1, 2, 6, '2024-08-11 11:32:23', '2024-08-11 20:37:00', '참참참깨의 8월 2주차 재배 요약 보고서', '### 지난 주의 작업 요약
참깨밭에서 풀이 엄청 자란 것을 발견하고 제초 작업을 진행하셨습니다. 농사에 대한 성실함과 노력이 느껴집니다.
참깨를 베고 세우는 등의 작업을 소중히 진행하고 계신 것으로 보입니다. 소나기가 자주 오는 것에 대한 걱정이 있으실 것 같습니다.

### 지난 주 작업의 개선사항
- 풀이 자라는 것을 미리 예방하기 위해 참깨밭에 신경을 더 써보세요. 풀이 너무 자라면 참깨의 성장에 영향을 줄 수 있습니다.
- 소나기에 대한 걱정이 있다면, 참깨를 보호할 수 있는 간이 비닐하우스나 텃밭 덮개 등을 활용해보는 것도 좋은 방법일 수 있습니다.
- 참깨를 베고 나누는 작업을 진행하셨다면, 참깨를 털 때 힘들었을 것으로 예상됩니다. 작업 시 편안하게 하실 수 있는 방법을 찾아보세요.

### 다음 주의 작업
- 참깨밭의 풀 관리를 더욱 신경써서 제초 작업을 꾸준히 이어나가 주세요.
- 소나기에 대비하여 참깨를 보호할 수 있는 방법을 고민해보고, 필요한 조치를 취해주세요.
- 참깨를 베고 나누는 작업을 할 때 힘들었다면, 털기 쉽게 하는 도구를 활용하거나 작업 방법을 개선해보세요.
- 참깨를 아들에게 나눠주는 것은 좋은 아이디어입니다. 아들과 함께 참깨를 터는 작업을 통해 소중한 시간을 보내보세요.
- 참깨의 성장 상태를 지속적으로 관찰하고, 필요한 관리를 진행하여 건강한 참깨를 유지해주세요.
- 풀이 자라는 것을 예방하기 위해 참깨밭을 더욱 꾸준히 관리하고, 생장 상태를 기록하여 성장 추이를 파악해보세요.
- 참깨를 나눠줄 때는 아들과 함께 즐겁게 작업하며, 더 많은 사람들과 나누는 소통의 기회를 가질 수 있도록 노력해주세요.');

INSERT INTO bartter.crop_report (crop_id, crop_report_id, user_id, created_at, updated_at, crop_report_title,
                                 crop_report_content)
VALUES (5, 3, 16, '2024-08-11 11:33:04', '2024-08-11 20:37:00', '초록이의 8월 2주차 재배 요약 보고서', '### 지난 주의 작업 요약
초록이 상추가 싱싱하게 잘 자라고 있는 것을 확인하셨습니다. 물을 주고 잡초를 제거하는 등 꾸준한 관리로 좋은 성장을 이어가고 계십니다.

### 지난 주 작업의 개선사항
- 벌레가 잎을 갉아먹는 상황은 조속한 대응이 필요합니다. 벌레를 제거하거나 방제할 수 있는 방법을 찾아 시행해야 합니다.
- 잎이 비로 인해 썩는 것은 토양 배수가 잘 되지 않거나 토양이 너무 습기를 많이 흡수했을 수 있습니다. 토양의 상태를 확인하고 적절한 관리가 필요합니다.
- 장마철에는 과습으로 인한 병해와 해충에 더욱 주의해야 합니다. 케어가 필요한 상황에서는 적절한 대책을 마련해야 합니다.

### 다음 주의 작업
- 벌레에 대한 방제를 실시하여 상추를 보호해주세요.
- 토양의 배수 상태를 개선하여 비로 인한 썩음을 방지해주세요.
- 장마철에 대비하여 물주기를 조절하고, 썩은 잎이 있는 부분을 잘 제거하여 건강한 상태를 유지해주세요.
- 상추의 생장 상태를 지속적으로 관찰하고, 병해와 해충에 대한 조치를 취하여 건강한 상태를 유지해주세요.
- 장마철에는 토양이 너무 습기를 흡수하지 않도록 토양 관리에 신경써주세요.
- 상추의 잎이 썩지 않도록 주의하며, 햇빛과 환기를 유지하여 건강한 상태를 유지해주세요.
- 상추의 성장을 돕기 위해 적절한 비료를 공급하고, 필요한 경우 영양제를 추가하여 식물이 영양을 잘 흡수할 수 있도록 도와주세요.');

INSERT INTO bartter.crop_report (crop_id, crop_report_id, user_id, created_at, updated_at, crop_report_title,
                                 crop_report_content)
VALUES (4, 4, 15, '2024-08-11 11:32:52', '2024-08-11 20:37:00', '왕토마토의 8월 2주차 재배 요약 보고서', '### 지난 주의 작업 요약
토마토가 익어가면서 갈라지는 상황을 발견하셨군요. 고민이 들 수 있지만, 토마토의 성장 상태를 주시하고 적절한 조치를 취하는 것이 중요합니다. 수확 후에는 가족들을 위해 건강식으로 제공하는 등 책임감 있는 농부로서의 모습이 멋지게 보입니다.

### 지난 주 작업의 개선사항
- 토마토가 갈라지는 문제에 대해, 토마토의 갈라짐을 줄이기 위해 토마토를 수확할 때 부드럽게 다루어야 합니다. 강한 압력이나 흔들림은 토마토를 상할 수 있으니 주의해야 합니다.
- 복합비료를 사용하셨다면, 올바른 비료 사용량과 주기를 유지하며 토마토에 필요한 영양분을 균형 있게 공급하는 것이 중요합니다.
- 토마토를 수확하여 원액쥬스를 만들어 가족들에게 제공하는 것은 훌륭한 선택입니다. 계속해서 가족과 주변 사람들에게 건강한 먹거리를 제공하며 책임감 있게 농사에 임해주세요.

### 다음 주의 작업
- 토마토가 갈라지는 현상을 줄이기 위해 수확 시 부드럽게 다루어주세요. 토마토를 햇볕에 오래 두지 않고 그늘에서 보관하는 것도 도움이 됩니다.
- 복합비료의 적정 사용 방법과 주기를 유지하여 토마토의 영양 공급을 지속해주세요.
- 가족들에게 제공하는 원액쥬스가 인기가 있다면, 더 많은 토마토를 재배하여 가족 모두가 건강하게 영양을 섭취할 수 있도록 노력해주세요.
- 토마토의 성장 상태를 지속적으로 관찰하고, 필요한 경우 적절한 관리를 실시하여 토마토의 생장을 도울 수 있도록 해주세요.
- 토마토의 갈라짐을 줄이기 위해 수확 시 주의 깊게 다뤄주세요. 토마토의 품질을 유지하고 가족들에게 건강한 식품을 제공하는 것에 중점을 두어주세요.
- 토마토의 생장 상태에 따라 적절한 관리를 실시하고, 더 많은 토마토 수확을 위해 더 많은 노력을 기울여주세요.
- 토마토의 건강을 유지하기 위해 병충해 관리와 관련된 작업을 실시해주세요. 생산성을 높이기 위해 더 많은 노력을 기울여주세요.');


-- daily_tip

INSERT INTO bartter.daily_tip (daily_tip_id, created_at, updated_at, daily_tip_content, daily_tip_is_enabled,
                               daily_tip_weekday, user_id)
VALUES (1, '2024-08-11 11:32:12', '2024-08-11 11:32:12', '무엇을 키울지 모르겠다면 작물 추천 서비스를 이용해 보세요', true, 1, 1);
INSERT INTO bartter.daily_tip (daily_tip_id, created_at, updated_at, daily_tip_content, daily_tip_is_enabled,
                               daily_tip_weekday, user_id)
VALUES (2, '2024-08-11 11:32:12', '2024-08-11 11:32:12', '농사일지를 구체적으로 쓸수록 요약 리포트와 알람의 내용이 풍부해져요', true, 2, 1);
INSERT INTO bartter.daily_tip (daily_tip_id, created_at, updated_at, daily_tip_content, daily_tip_is_enabled,
                               daily_tip_weekday, user_id)
VALUES (3, '2024-08-11 11:32:12', '2024-08-11 11:32:12', '작물별로 농사 일지를 작성해 보세요', true, 3, 1);
INSERT INTO bartter.daily_tip (daily_tip_id, created_at, updated_at, daily_tip_content, daily_tip_is_enabled,
                               daily_tip_weekday, user_id)
VALUES (4, '2024-08-11 11:32:12', '2024-08-11 11:32:12', '내가 키우는 농작물을 등록하고 관리해보세요', true, 4, 1);
INSERT INTO bartter.daily_tip (daily_tip_id, created_at, updated_at, daily_tip_content, daily_tip_is_enabled,
                               daily_tip_weekday, user_id)
VALUES (5, '2024-08-11 11:32:12', '2024-08-11 11:32:12', '이웃이 나누는 농작물을 받아보세요', true, 5, 1);
INSERT INTO bartter.daily_tip (daily_tip_id, created_at, updated_at, daily_tip_content, daily_tip_is_enabled,
                               daily_tip_weekday, user_id)
VALUES (6, '2024-08-11 11:32:12', '2024-08-11 11:32:12', '동네모임에서 동네 이웃들과 소통해보세요', true, 6, 1);
INSERT INTO bartter.daily_tip (daily_tip_id, created_at, updated_at, daily_tip_content, daily_tip_is_enabled,
                               daily_tip_weekday, user_id)
VALUES (7, '2024-08-11 11:32:12', '2024-08-11 11:32:12', '넘치는 농작물을 이웃과 나눠보세요', true, 7, 1);
INSERT INTO bartter.daily_tip (daily_tip_id, created_at, updated_at, daily_tip_content, daily_tip_is_enabled,
                               daily_tip_weekday, user_id)
VALUES (8, '2024-08-11 11:32:12', '2024-08-11 11:32:12', '동네모임에서 동네 이웃들과 소통해보세요', true, 1, 2);
INSERT INTO bartter.daily_tip (daily_tip_id, created_at, updated_at, daily_tip_content, daily_tip_is_enabled,
                               daily_tip_weekday, user_id)
VALUES (9, '2024-08-11 11:32:12', '2024-08-11 11:32:12', '이웃이 나누는 농작물을 받아보세요', true, 2, 2);
INSERT INTO bartter.daily_tip (daily_tip_id, created_at, updated_at, daily_tip_content, daily_tip_is_enabled,
                               daily_tip_weekday, user_id)
VALUES (10, '2024-08-11 11:32:12', '2024-08-11 11:32:12', '농사일지를 구체적으로 쓸수록 요약 리포트와 알람의 내용이 풍부해져요', true, 3, 2);
INSERT INTO bartter.daily_tip (daily_tip_id, created_at, updated_at, daily_tip_content, daily_tip_is_enabled,
                               daily_tip_weekday, user_id)
VALUES (11, '2024-08-11 11:32:12', '2024-08-11 11:32:12', '작물별로 농사 일지를 작성해 보세요', true, 4, 2);
INSERT INTO bartter.daily_tip (daily_tip_id, created_at, updated_at, daily_tip_content, daily_tip_is_enabled,
                               daily_tip_weekday, user_id)
VALUES (12, '2024-08-11 11:32:12', '2024-08-11 11:32:12', '무엇을 키울지 모르겠다면 작물 추천 서비스를 이용해 보세요', true, 5, 2);
INSERT INTO bartter.daily_tip (daily_tip_id, created_at, updated_at, daily_tip_content, daily_tip_is_enabled,
                               daily_tip_weekday, user_id)
VALUES (13, '2024-08-11 11:32:12', '2024-08-11 11:32:12', '넘치는 농작물을 이웃과 나눠보세요', true, 6, 2);
INSERT INTO bartter.daily_tip (daily_tip_id, created_at, updated_at, daily_tip_content, daily_tip_is_enabled,
                               daily_tip_weekday, user_id)
VALUES (14, '2024-08-11 11:32:12', '2024-08-11 11:32:12', '내가 키우는 농작물을 등록하고 관리해보세요', true, 7, 2);
INSERT INTO bartter.daily_tip (daily_tip_id, created_at, updated_at, daily_tip_content, daily_tip_is_enabled,
                               daily_tip_weekday, user_id)
VALUES (15, '2024-08-11 11:32:12', '2024-08-11 11:32:12', '이웃이 나누는 농작물을 받아보세요', true, 1, 3);
INSERT INTO bartter.daily_tip (daily_tip_id, created_at, updated_at, daily_tip_content, daily_tip_is_enabled,
                               daily_tip_weekday, user_id)
VALUES (16, '2024-08-11 11:32:12', '2024-08-11 11:32:12', '동네모임에서 동네 이웃들과 소통해보세요', true, 2, 3);
INSERT INTO bartter.daily_tip (daily_tip_id, created_at, updated_at, daily_tip_content, daily_tip_is_enabled,
                               daily_tip_weekday, user_id)
VALUES (17, '2024-08-11 11:32:12', '2024-08-11 11:32:12', '무엇을 키울지 모르겠다면 작물 추천 서비스를 이용해 보세요', true, 3, 3);
INSERT INTO bartter.daily_tip (daily_tip_id, created_at, updated_at, daily_tip_content, daily_tip_is_enabled,
                               daily_tip_weekday, user_id)
VALUES (18, '2024-08-11 11:32:12', '2024-08-11 11:32:12', '농사일지를 구체적으로 쓸수록 요약 리포트와 알람의 내용이 풍부해져요', true, 4, 3);
INSERT INTO bartter.daily_tip (daily_tip_id, created_at, updated_at, daily_tip_content, daily_tip_is_enabled,
                               daily_tip_weekday, user_id)
VALUES (19, '2024-08-11 11:32:12', '2024-08-11 11:32:12', '내가 키우는 농작물을 등록하고 관리해보세요', true, 5, 3);
INSERT INTO bartter.daily_tip (daily_tip_id, created_at, updated_at, daily_tip_content, daily_tip_is_enabled,
                               daily_tip_weekday, user_id)
VALUES (20, '2024-08-11 11:32:12', '2024-08-11 11:32:12', '작물별로 농사 일지를 작성해 보세요', true, 6, 3);
INSERT INTO bartter.daily_tip (daily_tip_id, created_at, updated_at, daily_tip_content, daily_tip_is_enabled,
                               daily_tip_weekday, user_id)
VALUES (21, '2024-08-11 11:32:12', '2024-08-11 11:32:12', '넘치는 농작물을 이웃과 나눠보세요', true, 7, 3);
INSERT INTO bartter.daily_tip (daily_tip_id, created_at, updated_at, daily_tip_content, daily_tip_is_enabled,
                               daily_tip_weekday, user_id)
VALUES (22, '2024-08-11 11:32:12', '2024-08-11 11:32:12', '무엇을 키울지 모르겠다면 작물 추천 서비스를 이용해 보세요', true, 1, 4);
INSERT INTO bartter.daily_tip (daily_tip_id, created_at, updated_at, daily_tip_content, daily_tip_is_enabled,
                               daily_tip_weekday, user_id)
VALUES (23, '2024-08-11 11:32:12', '2024-08-11 11:32:12', '동네모임에서 동네 이웃들과 소통해보세요', true, 2, 4);
INSERT INTO bartter.daily_tip (daily_tip_id, created_at, updated_at, daily_tip_content, daily_tip_is_enabled,
                               daily_tip_weekday, user_id)
VALUES (24, '2024-08-11 11:32:12', '2024-08-11 11:32:12', '이웃이 나누는 농작물을 받아보세요', true, 3, 4);
INSERT INTO bartter.daily_tip (daily_tip_id, created_at, updated_at, daily_tip_content, daily_tip_is_enabled,
                               daily_tip_weekday, user_id)
VALUES (25, '2024-08-11 11:32:12', '2024-08-11 11:32:12', '내가 키우는 농작물을 등록하고 관리해보세요', true, 4, 4);
INSERT INTO bartter.daily_tip (daily_tip_id, created_at, updated_at, daily_tip_content, daily_tip_is_enabled,
                               daily_tip_weekday, user_id)
VALUES (26, '2024-08-11 11:32:12', '2024-08-11 11:32:12', '넘치는 농작물을 이웃과 나눠보세요', true, 5, 4);
INSERT INTO bartter.daily_tip (daily_tip_id, created_at, updated_at, daily_tip_content, daily_tip_is_enabled,
                               daily_tip_weekday, user_id)
VALUES (27, '2024-08-11 11:32:12', '2024-08-11 11:32:12', '작물별로 농사 일지를 작성해 보세요', true, 6, 4);
INSERT INTO bartter.daily_tip (daily_tip_id, created_at, updated_at, daily_tip_content, daily_tip_is_enabled,
                               daily_tip_weekday, user_id)
VALUES (28, '2024-08-11 11:32:12', '2024-08-11 11:32:12', '농사일지를 구체적으로 쓸수록 요약 리포트와 알람의 내용이 풍부해져요', true, 7, 4);
INSERT INTO bartter.daily_tip (daily_tip_id, created_at, updated_at, daily_tip_content, daily_tip_is_enabled,
                               daily_tip_weekday, user_id)
VALUES (29, '2024-08-11 11:32:12', '2024-08-11 11:32:12', '이웃이 나누는 농작물을 받아보세요', true, 1, 5);
INSERT INTO bartter.daily_tip (daily_tip_id, created_at, updated_at, daily_tip_content, daily_tip_is_enabled,
                               daily_tip_weekday, user_id)
VALUES (30, '2024-08-11 11:32:12', '2024-08-11 11:32:12', '동네모임에서 동네 이웃들과 소통해보세요', true, 2, 5);
INSERT INTO bartter.daily_tip (daily_tip_id, created_at, updated_at, daily_tip_content, daily_tip_is_enabled,
                               daily_tip_weekday, user_id)
VALUES (31, '2024-08-11 11:32:12', '2024-08-11 11:32:12', '무엇을 키울지 모르겠다면 작물 추천 서비스를 이용해 보세요', true, 3, 5);
INSERT INTO bartter.daily_tip (daily_tip_id, created_at, updated_at, daily_tip_content, daily_tip_is_enabled,
                               daily_tip_weekday, user_id)
VALUES (32, '2024-08-11 11:32:12', '2024-08-11 11:32:12', '내가 키우는 농작물을 등록하고 관리해보세요', true, 4, 5);
INSERT INTO bartter.daily_tip (daily_tip_id, created_at, updated_at, daily_tip_content, daily_tip_is_enabled,
                               daily_tip_weekday, user_id)
VALUES (33, '2024-08-11 11:32:12', '2024-08-11 11:32:12', '작물별로 농사 일지를 작성해 보세요', true, 5, 5);
INSERT INTO bartter.daily_tip (daily_tip_id, created_at, updated_at, daily_tip_content, daily_tip_is_enabled,
                               daily_tip_weekday, user_id)
VALUES (34, '2024-08-11 11:32:12', '2024-08-11 11:32:12', '농사일지를 구체적으로 쓸수록 요약 리포트와 알람의 내용이 풍부해져요', true, 6, 5);
INSERT INTO bartter.daily_tip (daily_tip_id, created_at, updated_at, daily_tip_content, daily_tip_is_enabled,
                               daily_tip_weekday, user_id)
VALUES (35, '2024-08-11 11:32:12', '2024-08-11 11:32:12', '넘치는 농작물을 이웃과 나눠보세요', true, 7, 5);
INSERT INTO bartter.daily_tip (daily_tip_id, created_at, updated_at, daily_tip_content, daily_tip_is_enabled,
                               daily_tip_weekday, user_id)
VALUES (36, '2024-08-11 11:32:34', '2024-08-11 11:32:34', '참깨를 베고 나누는 작업을 할 때 힘들었다면, 털기 쉽게 하는 도구를 활용하거나 작업 방법을 개선해보세요',
        true, 1, 6);
INSERT INTO bartter.daily_tip (daily_tip_id, created_at, updated_at, daily_tip_content, daily_tip_is_enabled,
                               daily_tip_weekday, user_id)
VALUES (37, '2024-08-11 11:32:34', '2024-08-11 11:32:34', '참깨밭의 풀 관리를 더욱 신경써서 제초 작업을 꾸준히 이어나가 주세요', true, 2, 6);
INSERT INTO bartter.daily_tip (daily_tip_id, created_at, updated_at, daily_tip_content, daily_tip_is_enabled,
                               daily_tip_weekday, user_id)
VALUES (38, '2024-08-11 11:32:34', '2024-08-11 11:32:34',
        '다음 주에는 오이시쿠나레의 덩굴이 올라가는 모습을 계속 지켜보면서 필요한 지지봉이나 끈 등을 추가로 설치해주세요', true, 3, 6);
INSERT INTO bartter.daily_tip (daily_tip_id, created_at, updated_at, daily_tip_content, daily_tip_is_enabled,
                               daily_tip_weekday, user_id)
VALUES (39, '2024-08-11 11:32:34', '2024-08-11 11:32:34',
        '농사일지를 작성하면서 작업의 세부 내용을 자세히 기록하여 더욱 효율적인 농사 경영을 할 수 있도록 노력해주세요', true, 4, 6);
INSERT INTO bartter.daily_tip (daily_tip_id, created_at, updated_at, daily_tip_content, daily_tip_is_enabled,
                               daily_tip_weekday, user_id)
VALUES (40, '2024-08-11 11:32:34', '2024-08-11 11:32:34',
        '참깨를 나눠줄 때는 아들과 함께 즐겁게 작업하며, 더 많은 사람들과 나누는 소통의 기회를 가질 수 있도록 노력해주세요', true, 5, 6);
INSERT INTO bartter.daily_tip (daily_tip_id, created_at, updated_at, daily_tip_content, daily_tip_is_enabled,
                               daily_tip_weekday, user_id)
VALUES (41, '2024-08-11 11:32:34', '2024-08-11 11:32:34',
        '풀이 자라는 것을 예방하기 위해 참깨밭을 더욱 꾸준히 관리하고, 생장 상태를 기록하여 성장 추이를 파악해보세요', true, 6, 6);
INSERT INTO bartter.daily_tip (daily_tip_id, created_at, updated_at, daily_tip_content, daily_tip_is_enabled,
                               daily_tip_weekday, user_id)
VALUES (42, '2024-08-11 11:32:34', '2024-08-11 11:32:34', '노지에 오이를 심은 후에는 오이의 생장 상태를 주기적으로 기록하여 성장 추이를 확인하고 관리에 반영해주세요',
        true, 7, 6);
INSERT INTO bartter.daily_tip (daily_tip_id, created_at, updated_at, daily_tip_content, daily_tip_is_enabled,
                               daily_tip_weekday, user_id)
VALUES (43, '2024-08-11 11:32:34', '2024-08-11 11:32:34', '동네모임에서 동네 이웃들과 소통해보세요', true, 1, 7);
INSERT INTO bartter.daily_tip (daily_tip_id, created_at, updated_at, daily_tip_content, daily_tip_is_enabled,
                               daily_tip_weekday, user_id)
VALUES (44, '2024-08-11 11:32:34', '2024-08-11 11:32:34', '작물별로 농사 일지를 작성해 보세요', true, 2, 7);
INSERT INTO bartter.daily_tip (daily_tip_id, created_at, updated_at, daily_tip_content, daily_tip_is_enabled,
                               daily_tip_weekday, user_id)
VALUES (45, '2024-08-11 11:32:34', '2024-08-11 11:32:34', '농사일지를 구체적으로 쓸수록 요약 리포트와 알람의 내용이 풍부해져요', true, 3, 7);
INSERT INTO bartter.daily_tip (daily_tip_id, created_at, updated_at, daily_tip_content, daily_tip_is_enabled,
                               daily_tip_weekday, user_id)
VALUES (46, '2024-08-11 11:32:34', '2024-08-11 11:32:34', '내가 키우는 농작물을 등록하고 관리해보세요', true, 4, 7);
INSERT INTO bartter.daily_tip (daily_tip_id, created_at, updated_at, daily_tip_content, daily_tip_is_enabled,
                               daily_tip_weekday, user_id)
VALUES (47, '2024-08-11 11:32:34', '2024-08-11 11:32:34', '무엇을 키울지 모르겠다면 작물 추천 서비스를 이용해 보세요', true, 5, 7);
INSERT INTO bartter.daily_tip (daily_tip_id, created_at, updated_at, daily_tip_content, daily_tip_is_enabled,
                               daily_tip_weekday, user_id)
VALUES (48, '2024-08-11 11:32:34', '2024-08-11 11:32:34', '넘치는 농작물을 이웃과 나눠보세요', true, 6, 7);
INSERT INTO bartter.daily_tip (daily_tip_id, created_at, updated_at, daily_tip_content, daily_tip_is_enabled,
                               daily_tip_weekday, user_id)
VALUES (49, '2024-08-11 11:32:34', '2024-08-11 11:32:34', '이웃이 나누는 농작물을 받아보세요', true, 7, 7);
INSERT INTO bartter.daily_tip (daily_tip_id, created_at, updated_at, daily_tip_content, daily_tip_is_enabled,
                               daily_tip_weekday, user_id)
VALUES (50, '2024-08-11 11:32:34', '2024-08-11 11:32:34', '무엇을 키울지 모르겠다면 작물 추천 서비스를 이용해 보세요', true, 1, 8);
INSERT INTO bartter.daily_tip (daily_tip_id, created_at, updated_at, daily_tip_content, daily_tip_is_enabled,
                               daily_tip_weekday, user_id)
VALUES (51, '2024-08-11 11:32:34', '2024-08-11 11:32:34', '동네모임에서 동네 이웃들과 소통해보세요', true, 2, 8);
INSERT INTO bartter.daily_tip (daily_tip_id, created_at, updated_at, daily_tip_content, daily_tip_is_enabled,
                               daily_tip_weekday, user_id)
VALUES (52, '2024-08-11 11:32:34', '2024-08-11 11:32:34', '이웃이 나누는 농작물을 받아보세요', true, 3, 8);
INSERT INTO bartter.daily_tip (daily_tip_id, created_at, updated_at, daily_tip_content, daily_tip_is_enabled,
                               daily_tip_weekday, user_id)
VALUES (53, '2024-08-11 11:32:34', '2024-08-11 11:32:34', '내가 키우는 농작물을 등록하고 관리해보세요', true, 4, 8);
INSERT INTO bartter.daily_tip (daily_tip_id, created_at, updated_at, daily_tip_content, daily_tip_is_enabled,
                               daily_tip_weekday, user_id)
VALUES (54, '2024-08-11 11:32:34', '2024-08-11 11:32:34', '넘치는 농작물을 이웃과 나눠보세요', true, 5, 8);
INSERT INTO bartter.daily_tip (daily_tip_id, created_at, updated_at, daily_tip_content, daily_tip_is_enabled,
                               daily_tip_weekday, user_id)
VALUES (55, '2024-08-11 11:32:34', '2024-08-11 11:32:34', '농사일지를 구체적으로 쓸수록 요약 리포트와 알람의 내용이 풍부해져요', true, 6, 8);
INSERT INTO bartter.daily_tip (daily_tip_id, created_at, updated_at, daily_tip_content, daily_tip_is_enabled,
                               daily_tip_weekday, user_id)
VALUES (56, '2024-08-11 11:32:34', '2024-08-11 11:32:34', '작물별로 농사 일지를 작성해 보세요', true, 7, 8);
INSERT INTO bartter.daily_tip (daily_tip_id, created_at, updated_at, daily_tip_content, daily_tip_is_enabled,
                               daily_tip_weekday, user_id)
VALUES (57, '2024-08-11 11:32:34', '2024-08-11 11:32:34', '작물별로 농사 일지를 작성해 보세요', true, 1, 9);
INSERT INTO bartter.daily_tip (daily_tip_id, created_at, updated_at, daily_tip_content, daily_tip_is_enabled,
                               daily_tip_weekday, user_id)
VALUES (58, '2024-08-11 11:32:34', '2024-08-11 11:32:34', '내가 키우는 농작물을 등록하고 관리해보세요', true, 2, 9);
INSERT INTO bartter.daily_tip (daily_tip_id, created_at, updated_at, daily_tip_content, daily_tip_is_enabled,
                               daily_tip_weekday, user_id)
VALUES (59, '2024-08-11 11:32:34', '2024-08-11 11:32:34', '넘치는 농작물을 이웃과 나눠보세요', true, 3, 9);
INSERT INTO bartter.daily_tip (daily_tip_id, created_at, updated_at, daily_tip_content, daily_tip_is_enabled,
                               daily_tip_weekday, user_id)
VALUES (60, '2024-08-11 11:32:34', '2024-08-11 11:32:34', '동네모임에서 동네 이웃들과 소통해보세요', true, 4, 9);
INSERT INTO bartter.daily_tip (daily_tip_id, created_at, updated_at, daily_tip_content, daily_tip_is_enabled,
                               daily_tip_weekday, user_id)
VALUES (61, '2024-08-11 11:32:34', '2024-08-11 11:32:34', '무엇을 키울지 모르겠다면 작물 추천 서비스를 이용해 보세요', true, 5, 9);
INSERT INTO bartter.daily_tip (daily_tip_id, created_at, updated_at, daily_tip_content, daily_tip_is_enabled,
                               daily_tip_weekday, user_id)
VALUES (62, '2024-08-11 11:32:34', '2024-08-11 11:32:34', '이웃이 나누는 농작물을 받아보세요', true, 6, 9);
INSERT INTO bartter.daily_tip (daily_tip_id, created_at, updated_at, daily_tip_content, daily_tip_is_enabled,
                               daily_tip_weekday, user_id)
VALUES (63, '2024-08-11 11:32:34', '2024-08-11 11:32:34', '농사일지를 구체적으로 쓸수록 요약 리포트와 알람의 내용이 풍부해져요', true, 7, 9);
INSERT INTO bartter.daily_tip (daily_tip_id, created_at, updated_at, daily_tip_content, daily_tip_is_enabled,
                               daily_tip_weekday, user_id)
VALUES (64, '2024-08-11 11:32:34', '2024-08-11 11:32:34', '농사일지를 구체적으로 쓸수록 요약 리포트와 알람의 내용이 풍부해져요', true, 1, 10);
INSERT INTO bartter.daily_tip (daily_tip_id, created_at, updated_at, daily_tip_content, daily_tip_is_enabled,
                               daily_tip_weekday, user_id)
VALUES (65, '2024-08-11 11:32:34', '2024-08-11 11:32:34', '넘치는 농작물을 이웃과 나눠보세요', true, 2, 10);
INSERT INTO bartter.daily_tip (daily_tip_id, created_at, updated_at, daily_tip_content, daily_tip_is_enabled,
                               daily_tip_weekday, user_id)
VALUES (66, '2024-08-11 11:32:34', '2024-08-11 11:32:34', '작물별로 농사 일지를 작성해 보세요', true, 3, 10);
INSERT INTO bartter.daily_tip (daily_tip_id, created_at, updated_at, daily_tip_content, daily_tip_is_enabled,
                               daily_tip_weekday, user_id)
VALUES (67, '2024-08-11 11:32:34', '2024-08-11 11:32:34', '이웃이 나누는 농작물을 받아보세요', true, 4, 10);
INSERT INTO bartter.daily_tip (daily_tip_id, created_at, updated_at, daily_tip_content, daily_tip_is_enabled,
                               daily_tip_weekday, user_id)
VALUES (68, '2024-08-11 11:32:34', '2024-08-11 11:32:34', '무엇을 키울지 모르겠다면 작물 추천 서비스를 이용해 보세요', true, 5, 10);
INSERT INTO bartter.daily_tip (daily_tip_id, created_at, updated_at, daily_tip_content, daily_tip_is_enabled,
                               daily_tip_weekday, user_id)
VALUES (69, '2024-08-11 11:32:34', '2024-08-11 11:32:34', '내가 키우는 농작물을 등록하고 관리해보세요', true, 6, 10);
INSERT INTO bartter.daily_tip (daily_tip_id, created_at, updated_at, daily_tip_content, daily_tip_is_enabled,
                               daily_tip_weekday, user_id)
VALUES (70, '2024-08-11 11:32:34', '2024-08-11 11:32:34', '동네모임에서 동네 이웃들과 소통해보세요', true, 7, 10);
INSERT INTO bartter.daily_tip (daily_tip_id, created_at, updated_at, daily_tip_content, daily_tip_is_enabled,
                               daily_tip_weekday, user_id)
VALUES (71, '2024-08-11 11:32:34', '2024-08-11 11:32:34', '농사일지를 구체적으로 쓸수록 요약 리포트와 알람의 내용이 풍부해져요', true, 1, 11);
INSERT INTO bartter.daily_tip (daily_tip_id, created_at, updated_at, daily_tip_content, daily_tip_is_enabled,
                               daily_tip_weekday, user_id)
VALUES (72, '2024-08-11 11:32:34', '2024-08-11 11:32:34', '무엇을 키울지 모르겠다면 작물 추천 서비스를 이용해 보세요', true, 2, 11);
INSERT INTO bartter.daily_tip (daily_tip_id, created_at, updated_at, daily_tip_content, daily_tip_is_enabled,
                               daily_tip_weekday, user_id)
VALUES (73, '2024-08-11 11:32:34', '2024-08-11 11:32:34', '작물별로 농사 일지를 작성해 보세요', true, 3, 11);
INSERT INTO bartter.daily_tip (daily_tip_id, created_at, updated_at, daily_tip_content, daily_tip_is_enabled,
                               daily_tip_weekday, user_id)
VALUES (74, '2024-08-11 11:32:34', '2024-08-11 11:32:34', '넘치는 농작물을 이웃과 나눠보세요', true, 4, 11);
INSERT INTO bartter.daily_tip (daily_tip_id, created_at, updated_at, daily_tip_content, daily_tip_is_enabled,
                               daily_tip_weekday, user_id)
VALUES (75, '2024-08-11 11:32:34', '2024-08-11 11:32:34', '동네모임에서 동네 이웃들과 소통해보세요', true, 5, 11);
INSERT INTO bartter.daily_tip (daily_tip_id, created_at, updated_at, daily_tip_content, daily_tip_is_enabled,
                               daily_tip_weekday, user_id)
VALUES (76, '2024-08-11 11:32:34', '2024-08-11 11:32:34', '내가 키우는 농작물을 등록하고 관리해보세요', true, 6, 11);
INSERT INTO bartter.daily_tip (daily_tip_id, created_at, updated_at, daily_tip_content, daily_tip_is_enabled,
                               daily_tip_weekday, user_id)
VALUES (77, '2024-08-11 11:32:34', '2024-08-11 11:32:34', '이웃이 나누는 농작물을 받아보세요', true, 7, 11);
INSERT INTO bartter.daily_tip (daily_tip_id, created_at, updated_at, daily_tip_content, daily_tip_is_enabled,
                               daily_tip_weekday, user_id)
VALUES (78, '2024-08-11 11:32:34', '2024-08-11 11:32:34', '무엇을 키울지 모르겠다면 작물 추천 서비스를 이용해 보세요', true, 1, 12);
INSERT INTO bartter.daily_tip (daily_tip_id, created_at, updated_at, daily_tip_content, daily_tip_is_enabled,
                               daily_tip_weekday, user_id)
VALUES (79, '2024-08-11 11:32:34', '2024-08-11 11:32:34', '작물별로 농사 일지를 작성해 보세요', true, 2, 12);
INSERT INTO bartter.daily_tip (daily_tip_id, created_at, updated_at, daily_tip_content, daily_tip_is_enabled,
                               daily_tip_weekday, user_id)
VALUES (80, '2024-08-11 11:32:34', '2024-08-11 11:32:34', '넘치는 농작물을 이웃과 나눠보세요', true, 3, 12);
INSERT INTO bartter.daily_tip (daily_tip_id, created_at, updated_at, daily_tip_content, daily_tip_is_enabled,
                               daily_tip_weekday, user_id)
VALUES (81, '2024-08-11 11:32:34', '2024-08-11 11:32:34', '농사일지를 구체적으로 쓸수록 요약 리포트와 알람의 내용이 풍부해져요', true, 4, 12);
INSERT INTO bartter.daily_tip (daily_tip_id, created_at, updated_at, daily_tip_content, daily_tip_is_enabled,
                               daily_tip_weekday, user_id)
VALUES (82, '2024-08-11 11:32:34', '2024-08-11 11:32:34', '동네모임에서 동네 이웃들과 소통해보세요', true, 5, 12);
INSERT INTO bartter.daily_tip (daily_tip_id, created_at, updated_at, daily_tip_content, daily_tip_is_enabled,
                               daily_tip_weekday, user_id)
VALUES (83, '2024-08-11 11:32:34', '2024-08-11 11:32:34', '내가 키우는 농작물을 등록하고 관리해보세요', true, 6, 12);
INSERT INTO bartter.daily_tip (daily_tip_id, created_at, updated_at, daily_tip_content, daily_tip_is_enabled,
                               daily_tip_weekday, user_id)
VALUES (84, '2024-08-11 11:32:34', '2024-08-11 11:32:34', '이웃이 나누는 농작물을 받아보세요', true, 7, 12);
INSERT INTO bartter.daily_tip (daily_tip_id, created_at, updated_at, daily_tip_content, daily_tip_is_enabled,
                               daily_tip_weekday, user_id)
VALUES (85, '2024-08-11 11:32:34', '2024-08-11 11:32:34', '이웃이 나누는 농작물을 받아보세요', true, 1, 13);
INSERT INTO bartter.daily_tip (daily_tip_id, created_at, updated_at, daily_tip_content, daily_tip_is_enabled,
                               daily_tip_weekday, user_id)
VALUES (86, '2024-08-11 11:32:34', '2024-08-11 11:32:34', '넘치는 농작물을 이웃과 나눠보세요', true, 2, 13);
INSERT INTO bartter.daily_tip (daily_tip_id, created_at, updated_at, daily_tip_content, daily_tip_is_enabled,
                               daily_tip_weekday, user_id)
VALUES (87, '2024-08-11 11:32:34', '2024-08-11 11:32:34', '내가 키우는 농작물을 등록하고 관리해보세요', true, 3, 13);
INSERT INTO bartter.daily_tip (daily_tip_id, created_at, updated_at, daily_tip_content, daily_tip_is_enabled,
                               daily_tip_weekday, user_id)
VALUES (88, '2024-08-11 11:32:34', '2024-08-11 11:32:34', '농사일지를 구체적으로 쓸수록 요약 리포트와 알람의 내용이 풍부해져요', true, 4, 13);
INSERT INTO bartter.daily_tip (daily_tip_id, created_at, updated_at, daily_tip_content, daily_tip_is_enabled,
                               daily_tip_weekday, user_id)
VALUES (89, '2024-08-11 11:32:34', '2024-08-11 11:32:34', '무엇을 키울지 모르겠다면 작물 추천 서비스를 이용해 보세요', true, 5, 13);
INSERT INTO bartter.daily_tip (daily_tip_id, created_at, updated_at, daily_tip_content, daily_tip_is_enabled,
                               daily_tip_weekday, user_id)
VALUES (90, '2024-08-11 11:32:34', '2024-08-11 11:32:34', '동네모임에서 동네 이웃들과 소통해보세요', true, 6, 13);
INSERT INTO bartter.daily_tip (daily_tip_id, created_at, updated_at, daily_tip_content, daily_tip_is_enabled,
                               daily_tip_weekday, user_id)
VALUES (91, '2024-08-11 11:32:34', '2024-08-11 11:32:34', '작물별로 농사 일지를 작성해 보세요', true, 7, 13);
INSERT INTO bartter.daily_tip (daily_tip_id, created_at, updated_at, daily_tip_content, daily_tip_is_enabled,
                               daily_tip_weekday, user_id)
VALUES (92, '2024-08-11 11:32:34', '2024-08-11 11:32:34', '내가 키우는 농작물을 등록하고 관리해보세요', true, 1, 14);
INSERT INTO bartter.daily_tip (daily_tip_id, created_at, updated_at, daily_tip_content, daily_tip_is_enabled,
                               daily_tip_weekday, user_id)
VALUES (93, '2024-08-11 11:32:34', '2024-08-11 11:32:34', '농사일지를 구체적으로 쓸수록 요약 리포트와 알람의 내용이 풍부해져요', true, 2, 14);
INSERT INTO bartter.daily_tip (daily_tip_id, created_at, updated_at, daily_tip_content, daily_tip_is_enabled,
                               daily_tip_weekday, user_id)
VALUES (94, '2024-08-11 11:32:34', '2024-08-11 11:32:34', '동네모임에서 동네 이웃들과 소통해보세요', true, 3, 14);
INSERT INTO bartter.daily_tip (daily_tip_id, created_at, updated_at, daily_tip_content, daily_tip_is_enabled,
                               daily_tip_weekday, user_id)
VALUES (95, '2024-08-11 11:32:34', '2024-08-11 11:32:34', '이웃이 나누는 농작물을 받아보세요', true, 4, 14);
INSERT INTO bartter.daily_tip (daily_tip_id, created_at, updated_at, daily_tip_content, daily_tip_is_enabled,
                               daily_tip_weekday, user_id)
VALUES (96, '2024-08-11 11:32:34', '2024-08-11 11:32:34', '넘치는 농작물을 이웃과 나눠보세요', true, 5, 14);
INSERT INTO bartter.daily_tip (daily_tip_id, created_at, updated_at, daily_tip_content, daily_tip_is_enabled,
                               daily_tip_weekday, user_id)
VALUES (97, '2024-08-11 11:32:34', '2024-08-11 11:32:34', '무엇을 키울지 모르겠다면 작물 추천 서비스를 이용해 보세요', true, 6, 14);
INSERT INTO bartter.daily_tip (daily_tip_id, created_at, updated_at, daily_tip_content, daily_tip_is_enabled,
                               daily_tip_weekday, user_id)
VALUES (98, '2024-08-11 11:32:34', '2024-08-11 11:32:34', '작물별로 농사 일지를 작성해 보세요', true, 7, 14);
INSERT INTO bartter.daily_tip (daily_tip_id, created_at, updated_at, daily_tip_content, daily_tip_is_enabled,
                               daily_tip_weekday, user_id)
VALUES (99, '2024-08-11 11:32:52', '2024-08-11 11:32:52',
        '가족들에게 제공하는 원액쥬스가 인기가 있다면, 더 많은 토마토를 재배하여 가족 모두가 건강하게 영양을 섭취할 수 있도록 노력해주세요', true, 1, 15);
INSERT INTO bartter.daily_tip (daily_tip_id, created_at, updated_at, daily_tip_content, daily_tip_is_enabled,
                               daily_tip_weekday, user_id)
VALUES (100, '2024-08-11 11:32:52', '2024-08-11 11:32:52',
        '토마토의 갈라짐을 줄이기 위해 수확 시 주의 깊게 다뤄주세요. 토마토의 품질을 유지하고 가족들에게 건강한 식품을 제공하는 것에 중점을 두어주세요', true, 2, 15);
INSERT INTO bartter.daily_tip (daily_tip_id, created_at, updated_at, daily_tip_content, daily_tip_is_enabled,
                               daily_tip_weekday, user_id)
VALUES (101, '2024-08-11 11:32:52', '2024-08-11 11:32:52', '복합비료의 적정 사용 방법과 주기를 유지하여 토마토의 영양 공급을 지속해주세요', true, 3, 15);
INSERT INTO bartter.daily_tip (daily_tip_id, created_at, updated_at, daily_tip_content, daily_tip_is_enabled,
                               daily_tip_weekday, user_id)
VALUES (102, '2024-08-11 11:32:52', '2024-08-11 11:32:52',
        '토마토의 건강을 유지하기 위해 병충해 관리와 관련된 작업을 실시해주세요. 생산성을 높이기 위해 더 많은 노력을 기울여주세요', true, 4, 15);
INSERT INTO bartter.daily_tip (daily_tip_id, created_at, updated_at, daily_tip_content, daily_tip_is_enabled,
                               daily_tip_weekday, user_id)
VALUES (103, '2024-08-11 11:32:52', '2024-08-11 11:32:52',
        '토마토가 갈라지는 현상을 줄이기 위해 수확 시 부드럽게 다루어주세요. 토마토를 햇볕에 오래 두지 않고 그늘에서 보관하는 것도 도움이 됩니다', true, 5, 15);
INSERT INTO bartter.daily_tip (daily_tip_id, created_at, updated_at, daily_tip_content, daily_tip_is_enabled,
                               daily_tip_weekday, user_id)
VALUES (104, '2024-08-11 11:32:52', '2024-08-11 11:32:52',
        '토마토의 생장 상태에 따라 적절한 관리를 실시하고, 더 많은 토마토 수확을 위해 더 많은 노력을 기울여주세요', true, 6, 15);
INSERT INTO bartter.daily_tip (daily_tip_id, created_at, updated_at, daily_tip_content, daily_tip_is_enabled,
                               daily_tip_weekday, user_id)
VALUES (105, '2024-08-11 11:32:52', '2024-08-11 11:32:52',
        '토마토의 성장 상태를 지속적으로 관찰하고, 필요한 경우 적절한 관리를 실시하여 토마토의 생장을 도울 수 있도록 해주세요', true, 7, 15);
INSERT INTO bartter.daily_tip (daily_tip_id, created_at, updated_at, daily_tip_content, daily_tip_is_enabled,
                               daily_tip_weekday, user_id)
VALUES (106, '2024-08-11 11:33:04', '2024-08-11 11:33:04', '장마철에는 토양이 너무 습기를 흡수하지 않도록 토양 관리에 신경써주세요', true, 1, 16);
INSERT INTO bartter.daily_tip (daily_tip_id, created_at, updated_at, daily_tip_content, daily_tip_is_enabled,
                               daily_tip_weekday, user_id)
VALUES (107, '2024-08-11 11:33:04', '2024-08-11 11:33:04', '상추의 잎이 썩지 않도록 주의하며, 햇빛과 환기를 유지하여 건강한 상태를 유지해주세요', true, 2,
        16);
INSERT INTO bartter.daily_tip (daily_tip_id, created_at, updated_at, daily_tip_content, daily_tip_is_enabled,
                               daily_tip_weekday, user_id)
VALUES (108, '2024-08-11 11:33:04', '2024-08-11 11:33:04',
        '상추의 성장을 돕기 위해 적절한 비료를 공급하고, 필요한 경우 영양제를 추가하여 식물이 영양을 잘 흡수할 수 있도록 도와주세요', true, 3, 16);
INSERT INTO bartter.daily_tip (daily_tip_id, created_at, updated_at, daily_tip_content, daily_tip_is_enabled,
                               daily_tip_weekday, user_id)
VALUES (109, '2024-08-11 11:33:04', '2024-08-11 11:33:04', '벌레에 대한 방제를 실시하여 상추를 보호해주세요', true, 4, 16);
INSERT INTO bartter.daily_tip (daily_tip_id, created_at, updated_at, daily_tip_content, daily_tip_is_enabled,
                               daily_tip_weekday, user_id)
VALUES (110, '2024-08-11 11:33:04', '2024-08-11 11:33:04', '상추의 생장 상태를 지속적으로 관찰하고, 병해와 해충에 대한 조치를 취하여 건강한 상태를 유지해주세요',
        true, 5, 16);
INSERT INTO bartter.daily_tip (daily_tip_id, created_at, updated_at, daily_tip_content, daily_tip_is_enabled,
                               daily_tip_weekday, user_id)
VALUES (111, '2024-08-11 11:33:04', '2024-08-11 11:33:04', '토양의 배수 상태를 개선하여 비로 인한 썩음을 방지해주세요', true, 6, 16);
INSERT INTO bartter.daily_tip (daily_tip_id, created_at, updated_at, daily_tip_content, daily_tip_is_enabled,
                               daily_tip_weekday, user_id)
VALUES (112, '2024-08-11 11:33:04', '2024-08-11 11:33:04', '장마철에 대비하여 물주기를 조절하고, 썩은 잎이 있는 부분을 잘 제거하여 건강한 상태를 유지해주세요',
        true, 7, 16);
INSERT INTO bartter.daily_tip (daily_tip_id, created_at, updated_at, daily_tip_content, daily_tip_is_enabled,
                               daily_tip_weekday, user_id)
VALUES (113, '2024-08-11 11:33:04', '2024-08-11 11:33:04', '내가 키우는 농작물을 등록하고 관리해보세요', true, 1, 17);
INSERT INTO bartter.daily_tip (daily_tip_id, created_at, updated_at, daily_tip_content, daily_tip_is_enabled,
                               daily_tip_weekday, user_id)
VALUES (114, '2024-08-11 11:33:04', '2024-08-11 11:33:04', '이웃이 나누는 농작물을 받아보세요', true, 2, 17);
INSERT INTO bartter.daily_tip (daily_tip_id, created_at, updated_at, daily_tip_content, daily_tip_is_enabled,
                               daily_tip_weekday, user_id)
VALUES (115, '2024-08-11 11:33:04', '2024-08-11 11:33:04', '무엇을 키울지 모르겠다면 작물 추천 서비스를 이용해 보세요', true, 3, 17);
INSERT INTO bartter.daily_tip (daily_tip_id, created_at, updated_at, daily_tip_content, daily_tip_is_enabled,
                               daily_tip_weekday, user_id)
VALUES (116, '2024-08-11 11:33:04', '2024-08-11 11:33:04', '농사일지를 구체적으로 쓸수록 요약 리포트와 알람의 내용이 풍부해져요', true, 4, 17);
INSERT INTO bartter.daily_tip (daily_tip_id, created_at, updated_at, daily_tip_content, daily_tip_is_enabled,
                               daily_tip_weekday, user_id)
VALUES (117, '2024-08-11 11:33:04', '2024-08-11 11:33:04', '작물별로 농사 일지를 작성해 보세요', true, 5, 17);
INSERT INTO bartter.daily_tip (daily_tip_id, created_at, updated_at, daily_tip_content, daily_tip_is_enabled,
                               daily_tip_weekday, user_id)
VALUES (118, '2024-08-11 11:33:04', '2024-08-11 11:33:04', '넘치는 농작물을 이웃과 나눠보세요', true, 6, 17);
INSERT INTO bartter.daily_tip (daily_tip_id, created_at, updated_at, daily_tip_content, daily_tip_is_enabled,
                               daily_tip_weekday, user_id)
VALUES (119, '2024-08-11 11:33:04', '2024-08-11 11:33:04', '동네모임에서 동네 이웃들과 소통해보세요', true, 7, 17);
INSERT INTO bartter.daily_tip (daily_tip_id, created_at, updated_at, daily_tip_content, daily_tip_is_enabled,
                               daily_tip_weekday, user_id)
VALUES (120, '2024-08-11 11:33:04', '2024-08-11 11:33:04', '넘치는 농작물을 이웃과 나눠보세요', true, 1, 18);
INSERT INTO bartter.daily_tip (daily_tip_id, created_at, updated_at, daily_tip_content, daily_tip_is_enabled,
                               daily_tip_weekday, user_id)
VALUES (121, '2024-08-11 11:33:04', '2024-08-11 11:33:04', '작물별로 농사 일지를 작성해 보세요', true, 2, 18);
INSERT INTO bartter.daily_tip (daily_tip_id, created_at, updated_at, daily_tip_content, daily_tip_is_enabled,
                               daily_tip_weekday, user_id)
VALUES (122, '2024-08-11 11:33:04', '2024-08-11 11:33:04', '이웃이 나누는 농작물을 받아보세요', true, 3, 18);
INSERT INTO bartter.daily_tip (daily_tip_id, created_at, updated_at, daily_tip_content, daily_tip_is_enabled,
                               daily_tip_weekday, user_id)
VALUES (123, '2024-08-11 11:33:04', '2024-08-11 11:33:04', '무엇을 키울지 모르겠다면 작물 추천 서비스를 이용해 보세요', true, 4, 18);
INSERT INTO bartter.daily_tip (daily_tip_id, created_at, updated_at, daily_tip_content, daily_tip_is_enabled,
                               daily_tip_weekday, user_id)
VALUES (124, '2024-08-11 11:33:04', '2024-08-11 11:33:04', '농사일지를 구체적으로 쓸수록 요약 리포트와 알람의 내용이 풍부해져요', true, 5, 18);
INSERT INTO bartter.daily_tip (daily_tip_id, created_at, updated_at, daily_tip_content, daily_tip_is_enabled,
                               daily_tip_weekday, user_id)
VALUES (125, '2024-08-11 11:33:04', '2024-08-11 11:33:04', '내가 키우는 농작물을 등록하고 관리해보세요', true, 6, 18);
INSERT INTO bartter.daily_tip (daily_tip_id, created_at, updated_at, daily_tip_content, daily_tip_is_enabled,
                               daily_tip_weekday, user_id)
VALUES (126, '2024-08-11 11:33:04', '2024-08-11 11:33:04', '동네모임에서 동네 이웃들과 소통해보세요', true, 7, 18);
INSERT INTO bartter.daily_tip (daily_tip_id, created_at, updated_at, daily_tip_content, daily_tip_is_enabled,
                               daily_tip_weekday, user_id)
VALUES (127, '2024-08-11 11:33:04', '2024-08-11 11:33:04', '작물별로 농사 일지를 작성해 보세요', true, 1, 19);
INSERT INTO bartter.daily_tip (daily_tip_id, created_at, updated_at, daily_tip_content, daily_tip_is_enabled,
                               daily_tip_weekday, user_id)
VALUES (128, '2024-08-11 11:33:04', '2024-08-11 11:33:04', '이웃이 나누는 농작물을 받아보세요', true, 2, 19);
INSERT INTO bartter.daily_tip (daily_tip_id, created_at, updated_at, daily_tip_content, daily_tip_is_enabled,
                               daily_tip_weekday, user_id)
VALUES (129, '2024-08-11 11:33:04', '2024-08-11 11:33:04', '넘치는 농작물을 이웃과 나눠보세요', true, 3, 19);
INSERT INTO bartter.daily_tip (daily_tip_id, created_at, updated_at, daily_tip_content, daily_tip_is_enabled,
                               daily_tip_weekday, user_id)
VALUES (130, '2024-08-11 11:33:04', '2024-08-11 11:33:04', '농사일지를 구체적으로 쓸수록 요약 리포트와 알람의 내용이 풍부해져요', true, 4, 19);
INSERT INTO bartter.daily_tip (daily_tip_id, created_at, updated_at, daily_tip_content, daily_tip_is_enabled,
                               daily_tip_weekday, user_id)
VALUES (131, '2024-08-11 11:33:04', '2024-08-11 11:33:04', '무엇을 키울지 모르겠다면 작물 추천 서비스를 이용해 보세요', true, 5, 19);
INSERT INTO bartter.daily_tip (daily_tip_id, created_at, updated_at, daily_tip_content, daily_tip_is_enabled,
                               daily_tip_weekday, user_id)
VALUES (132, '2024-08-11 11:33:04', '2024-08-11 11:33:04', '내가 키우는 농작물을 등록하고 관리해보세요', true, 6, 19);
INSERT INTO bartter.daily_tip (daily_tip_id, created_at, updated_at, daily_tip_content, daily_tip_is_enabled,
                               daily_tip_weekday, user_id)
VALUES (133, '2024-08-11 11:33:04', '2024-08-11 11:33:04', '동네모임에서 동네 이웃들과 소통해보세요', true, 7, 19);
INSERT INTO bartter.daily_tip (daily_tip_id, created_at, updated_at, daily_tip_content, daily_tip_is_enabled,
                               daily_tip_weekday, user_id)
VALUES (134, '2024-08-11 11:33:04', '2024-08-11 11:33:04', '넘치는 농작물을 이웃과 나눠보세요', true, 1, 20);
INSERT INTO bartter.daily_tip (daily_tip_id, created_at, updated_at, daily_tip_content, daily_tip_is_enabled,
                               daily_tip_weekday, user_id)
VALUES (135, '2024-08-11 11:33:04', '2024-08-11 11:33:04', '무엇을 키울지 모르겠다면 작물 추천 서비스를 이용해 보세요', true, 2, 20);
INSERT INTO bartter.daily_tip (daily_tip_id, created_at, updated_at, daily_tip_content, daily_tip_is_enabled,
                               daily_tip_weekday, user_id)
VALUES (136, '2024-08-11 11:33:04', '2024-08-11 11:33:04', '내가 키우는 농작물을 등록하고 관리해보세요', true, 3, 20);
INSERT INTO bartter.daily_tip (daily_tip_id, created_at, updated_at, daily_tip_content, daily_tip_is_enabled,
                               daily_tip_weekday, user_id)
VALUES (137, '2024-08-11 11:33:04', '2024-08-11 11:33:04', '농사일지를 구체적으로 쓸수록 요약 리포트와 알람의 내용이 풍부해져요', true, 4, 20);
INSERT INTO bartter.daily_tip (daily_tip_id, created_at, updated_at, daily_tip_content, daily_tip_is_enabled,
                               daily_tip_weekday, user_id)
VALUES (138, '2024-08-11 11:33:04', '2024-08-11 11:33:04', '이웃이 나누는 농작물을 받아보세요', true, 5, 20);
INSERT INTO bartter.daily_tip (daily_tip_id, created_at, updated_at, daily_tip_content, daily_tip_is_enabled,
                               daily_tip_weekday, user_id)
VALUES (139, '2024-08-11 11:33:04', '2024-08-11 11:33:04', '작물별로 농사 일지를 작성해 보세요', true, 6, 20);
INSERT INTO bartter.daily_tip (daily_tip_id, created_at, updated_at, daily_tip_content, daily_tip_is_enabled,
                               daily_tip_weekday, user_id)
VALUES (140, '2024-08-11 11:33:04', '2024-08-11 11:33:04', '동네모임에서 동네 이웃들과 소통해보세요', true, 7, 20);


-- community_post (광주 장덕동)

INSERT INTO bartter.community_post (community_post_id, location_id, user_id, created_at, updated_at,
                                    community_post_title, community_post_content)
VALUES (1, 992, 6, '2024-08-11 00:58:08', '2024-08-11 21:58:10', '안녕하세요', '들깨잎순치기햏는대요 들깨입염장바법 알려주세요');

INSERT INTO bartter.community_post (community_post_id, location_id, user_id, created_at, updated_at,
                                    community_post_title, community_post_content)
VALUES (2, 992, 9, '2024-08-11 01:58:08', '2024-08-11 21:58:10', '더워요',
        '남부지방 배추모종심는시기 언제쯤인가요 .. 고추 농사끝나고 할려고했는데 . 다들 시작들 하시네요 ..');

INSERT INTO bartter.community_post (community_post_id, location_id, user_id, created_at, updated_at,
                                    community_post_title, community_post_content)
VALUES (3, 992, 8, '2024-08-11 02:58:08', '2024-08-11 21:58:10', '고민',
        '꿈이 농사꾼이라 사직서을쓰고 홀로께신 어머니와 함게 있자니 어머니 눈치가보인다 다시직장을 잡을까 농사를 지을까 고민이다 여려분은 어덯게 생각하시는지요 좋은조언부탁드립니다');

INSERT INTO bartter.community_post (community_post_id, location_id, user_id, created_at, updated_at,
                                    community_post_title, community_post_content)
VALUES (4, 992, 7, '2024-08-11 03:58:08', '2024-08-11 21:58:10', '여름이다',
        '어제 오늘 고추수확 어제는 그나마 날씨가 괜찮았는데 오늘은 아침에 일어나보니 안개가 있길래 덥겠구나 했더니 역쉬나 정말 더웠네요');

INSERT INTO bartter.community_post (community_post_id, location_id, user_id, created_at, updated_at,
                                    community_post_title, community_post_content)
VALUES (5, 992, 6, '2024-08-11 04:58:08', '2024-08-11 21:58:10', '들깨잎', '들깨잎이 오그라드는 현상원인이 무었일까요?');

INSERT INTO bartter.community_post (community_post_id, location_id, user_id, created_at, updated_at,
                                    community_post_title, community_post_content)
VALUES (6, 992, 12, '2024-08-11 05:58:08', '2024-08-11 21:58:10', '귀여운 강쥐', '아침 출근 하니귀촌 귀농하면서 분양받은 풍산개 마루가 새끼를 낳았어요~~');

INSERT INTO bartter.community_post (community_post_id, location_id, user_id, created_at, updated_at,
                                    community_post_title, community_post_content)
VALUES (7, 992, 9, '2024-08-11 06:58:08', '2024-08-11 21:58:10', '초복이에요!!',
        '흠~초복인지도 몰랐었는데~점심에는 오리주물럭 + 수박 한 조각저녁에는 집에서 옻닭해 먹엏쥬~~');

INSERT INTO bartter.community_post (community_post_id, location_id, user_id, created_at, updated_at,
                                    community_post_title, community_post_content)
VALUES (8, 992, 14, '2024-08-11 07:58:08', '2024-08-11 21:58:10', '조은하루되새요',
        '💐오늘 하루는... 오늘 하루는착한 당신에게 가장 좋은 일과가장 감사한 일들만찾아 갔음 좋겠습니다 고은 당신에게많이 웃는 일들과많이 기쁜 일들만생겨났음 좋겠습니다 좋은 당신에게가장 멋진 일과가장 행복한 일들만펼져졌음 좋겠습니다 하루를 눈 감을때입가에 잔잔한미소가 번지는 그런 기분 좋은 날이되었음 좋겠습니다.');

INSERT INTO bartter.community_post (community_post_id, location_id, user_id, created_at, updated_at,
                                    community_post_title, community_post_content)
VALUES (9, 992, 10, '2024-08-11 08:58:08', '2024-08-11 21:58:10', '쩍쩍갈라짐', '날씨너무가물어콩에밭에물주기작업합니다');

INSERT INTO bartter.community_post (community_post_id, location_id, user_id, created_at, updated_at,
                                    community_post_title, community_post_content)
VALUES (10, 992, 6, '2024-08-11 09:58:08', '2024-08-11 21:58:10', '안녕하새요', '저는참깨수학다끝냈습니다');

INSERT INTO bartter.community_post (community_post_id, location_id, user_id, created_at, updated_at,
                                    community_post_title, community_post_content)
VALUES (11, 992, 7, '2024-08-11 10:58:08', '2024-08-11 21:58:10', '노린재', '고추밭에노린재가넘많아요ㅠㅠ.목초액살포해도될까요.알려주세요');

INSERT INTO bartter.community_post (community_post_id, location_id, user_id, created_at, updated_at,
                                    community_post_title, community_post_content)
VALUES (12, 992, 11, '2024-08-11 11:58:08', '2024-08-11 21:58:10', '이렇게해보새요', '토란입이마른것은 물을만이 주면되살아남니다.');

INSERT INTO bartter.community_post (community_post_id, location_id, user_id, created_at, updated_at,
                                    community_post_title, community_post_content)
VALUES (13, 992, 7, '2024-08-11 12:58:08', '2024-08-11 21:58:10', '고추밭', '고추가. 무르익어 가네요');

INSERT INTO bartter.community_post (community_post_id, location_id, user_id, created_at, updated_at,
                                    community_post_title, community_post_content)
VALUES (14, 992, 9, '2024-08-11 13:58:08', '2024-08-11 21:58:10', '여기좋네요', '황토길맨발걷기최고네요최근조성되엇네요');

INSERT INTO bartter.community_post (community_post_id, location_id, user_id, created_at, updated_at,
                                    community_post_title, community_post_content)
VALUES (15, 992, 14, '2024-08-11 14:58:08', '2024-08-11 21:58:10', '절망스러울 때 다산 정약용에게 배우는 삶의 교훈 7가지',
        '1. 인생이 힘들다고 하지 마라.\n다산은 경상도 포항 장기와 전라도 강진에서\n18년 동안 삶과 죽음이 오가는 유배지에서 살았다.\n2. 공부가 어렵다고 하지 마라.\n한생에 500권의 책을 읽기도 어려운데\n다산은 500여 권의 책을 저술했다.\n3. 사람을 사귀는데 나이를 묻지 마라.\n다산은 20살이나 어린 혜장선사, \n초의선사와 학문의 친구가 되었다.\n4. 성공에 집착하지 마라.\n다산은 벼슬길에 있던 때보다도 \n벼슬에서 멀어졌을 때 큰 이룸이 있었다.\n인생의 깨달음은 성공보다 실패에서 더 크게 배운다.\n5. 사람을 의심하지도 말고 너무 믿지도 마라.\n다산은 같은 조정에서 국사를 논하던 사람들에 의해 유배되었다.\n6. 전문성이 없다는 말을 하지 마라.\n다산은 배우지 않았어도 수원화성을 설계했고,\n당대 최고의 기술인 거중기와 농노를 발명했다.\n7. 인생에 여유가 없다고 하지 마라.\n다산은 사약이 언제 배달될지 모르는 유배지에서 차를 즐겼다.\n그래서 호도 다산(茶山)이다.');


-- community_post (공주시 계룡면 + 성주군 가천면)

INSERT INTO bartter.community_post (community_post_id, location_id, user_id, created_at, updated_at,
                                    community_post_title, community_post_content)
VALUES (16, 2024, 1, '2024-08-11 00:30:08', '2024-08-11 21:58:10', '개미', '무화과 나무의 개미는 어떻게 잡아야 하나요알려주시면 감사하겠습니다.');

INSERT INTO bartter.community_post (community_post_id, location_id, user_id, created_at, updated_at,
                                    community_post_title, community_post_content)
VALUES (17, 2024, 2, '2024-08-11 01:30:08', '2024-08-11 21:58:10', '소나기', '오늘은우닥다리소나기지나가내요');

INSERT INTO bartter.community_post (community_post_id, location_id, user_id, created_at, updated_at,
                                    community_post_title, community_post_content)
VALUES (18, 2024, 3, '2024-08-11 02:30:08', '2024-08-11 21:58:10', '친구',
        '우리에게 정말 소중한 건\n\n우리에게 정말 소중한 건 살아가는데 필요한\n많은 사람들보다는 단 한사람이라도 마음을 나누며\n함께 할 수 있는 마음의 길동무입니다.\n어려우면 어려운 대로 기쁘면 기쁜 대로 내 마음을\n꺼내어 진실을 이야기하고 내 마음을\n 꺼내어 나눌 수 있는 동무\n그런 마음을 나눌 수 있는 동무가\n간절히 그리워지는 날 들입니다.\n사막의 오아시스처럼 소중한 사람을 위하여\n우리는 오늘도 삶의 길을 걷고 있는지도 모릅니다.\n현대라는 인간의 사막에서 마음의 문을 열고\n오아시스처럼 아름다운 이웃을 친구를\n연인을 만났으면 좋겠습니다.\n아니 그보다도 내가 먼저 누군가에게\n오아시스처럼 참 좋은 친구 참 좋은 이웃\n참 아름답고 연인이 되는 시원하고 맑은\n청량감 넘치는 삶을 살았으면 좋겠습니다.\n출처 : 좋은 글 중에서');

INSERT INTO bartter.community_post (community_post_id, location_id, user_id, created_at, updated_at,
                                    community_post_title, community_post_content)
VALUES (19, 2024, 4, '2024-08-11 03:30:08', '2024-08-11 21:58:10', '여름', '날이더운데 다들아이스깨끼하나씩사드시려나요');

INSERT INTO bartter.community_post (community_post_id, location_id, user_id, created_at, updated_at,
                                    community_post_title, community_post_content)
VALUES (20, 2024, 5, '2024-08-11 04:30:08', '2024-08-11 21:58:10', '안녕하세요', '반갑습니다이곳에서같은동네거주하시는분을많이만나네요');

INSERT INTO bartter.community_post (community_post_id, location_id, user_id, created_at, updated_at,
                                    community_post_title, community_post_content)
VALUES (21, 2024, 1, '2024-08-11 05:30:08', '2024-08-11 21:58:10', '콩잎',
        '여쭤봅니다 저두. 콩잎물김치.콩잎된장지도 하고콩을 키웠더니 꼬투리도 열었는데. 잎이 넘 많아요 순치기륹약간 해야할까요');

INSERT INTO bartter.community_post (community_post_id, location_id, user_id, created_at, updated_at,
                                    community_post_title, community_post_content)
VALUES (22, 3015, 19, '2024-08-11 06:30:08', '2024-08-11 21:58:10', '소나기', '소나기 무습게와서 하던일 모두버려 놓코 집으로왔다');

INSERT INTO bartter.community_post (community_post_id, location_id, user_id, created_at, updated_at,
                                    community_post_title, community_post_content)
VALUES (23, 3015, 20, '2024-08-11 07:30:08', '2024-08-11 21:58:10', '참깨수확', '이제 참깨를 수확해야 할 때가돌아온 것 같다 ~');

INSERT INTO bartter.community_post (community_post_id, location_id, user_id, created_at, updated_at,
                                    community_post_title, community_post_content)
VALUES (24, 3015, 17, '2024-08-11 08:30:08', '2024-08-11 21:58:10', '와', '수박집에서 먹을려고심은수박이 7k900이나 되내요');

INSERT INTO bartter.community_post (community_post_id, location_id, user_id, created_at, updated_at,
                                    community_post_title, community_post_content)
VALUES (25, 3015, 18, '2024-08-11 09:30:08', '2024-08-11 21:58:10', '더위조심하세요',
        '날씨가 너무 더워서 잡초제거 하는데 너무 힘들고요 땀을 많이 흘러서 물을 바가지로 마시도 갈정이 가시지가 않네요 ㅋㅋ!!!');

INSERT INTO bartter.community_post (community_post_id, location_id, user_id, created_at, updated_at,
                                    community_post_title, community_post_content)
VALUES (26, 2024, 2, '2024-08-11 10:30:08', '2024-08-11 21:58:10', '더운날씨', '너무 습하고 덥네요 ㅠㅠ');

INSERT INTO bartter.community_post (community_post_id, location_id, user_id, created_at, updated_at,
                                    community_post_title, community_post_content)
VALUES (27, 2024, 3, '2024-08-11 11:30:08', '2024-08-11 21:58:10', '배드민턴치실분',
        '배드민턴 클럽.가입하실분 구합니다 월요일.7시 계룡중학교체육관에서칩니다  ');

INSERT INTO bartter.community_post (community_post_id, location_id, user_id, created_at, updated_at,
                                    community_post_title, community_post_content)
VALUES (28, 2024, 3, '2024-08-11 12:30:08', '2024-08-11 21:58:10', '낭만', '새벽일 끝내고 오늘도 역시 빵.커피에 아침을');

INSERT INTO bartter.community_post (community_post_id, location_id, user_id, created_at, updated_at,
                                    community_post_title, community_post_content)
VALUES (29, 2024, 4, '2024-08-11 13:30:08', '2024-08-11 21:58:10', '봐주새요', '사과 참외 라고 심었는데언제 수확 해야할지 모르겠읍니다');

INSERT INTO bartter.community_post (community_post_id, location_id, user_id, created_at, updated_at,
                                    community_post_title, community_post_content)
VALUES (30, 3015, 19, '2024-08-11 14:30:08', '2024-08-11 21:58:10', '휴가철이내요', '우리동네 회원님들. 즐거운 휴가되시길 바랍니다.');

INSERT INTO bartter.community_post (community_post_id, location_id, user_id, created_at, updated_at,
                                    community_post_title, community_post_content)
VALUES (31, 3015, 17, '2024-08-11 15:30:08', '2024-08-11 21:58:10', '굴이파졌어요', '땅이 굴이 파져 있는곳이 많은데요왜그렇까요?');

INSERT INTO bartter.community_post (community_post_id, location_id, user_id, created_at, updated_at,
                                    community_post_title, community_post_content)
VALUES (32, 3015, 18, '2024-08-11 16:30:08', '2024-08-11 21:58:10', '수고수고', '님들 오늘도 고생 많으셨슴니다 편안한 쉼 되시길');

INSERT INTO bartter.community_post (community_post_id, location_id, user_id, created_at, updated_at,
                                    community_post_title, community_post_content)
VALUES (33, 2024, 2, '2024-08-11 17:30:08', '2024-08-11 21:58:10', '오소리', '아 ᆢ 오소리오소리가 드나드니할말이없내요');


-- community_post_image

INSERT INTO community_post_image (community_post_id, community_post_image_id, community_post_image_order, created_at,
                                  updated_at, community_post_image_url)
VALUES (5, 1, 1, '2024-08-11 21:58:10', '2024-08-11 21:58:10', 'http://d1tknhgbpjhaqe.cloudfront.net/community/5');

INSERT INTO community_post_image (community_post_id, community_post_image_id, community_post_image_order, created_at,
                                  updated_at, community_post_image_url)
VALUES (6, 2, 1, '2024-08-11 21:58:10', '2024-08-11 21:58:10', 'http://d1tknhgbpjhaqe.cloudfront.net/community/6');

INSERT INTO community_post_image (community_post_id, community_post_image_id, community_post_image_order, created_at,
                                  updated_at, community_post_image_url)
VALUES (13, 3, 1, '2024-08-11 21:58:10', '2024-08-11 21:58:10', 'http://d1tknhgbpjhaqe.cloudfront.net/community/13');

INSERT INTO community_post_image (community_post_id, community_post_image_id, community_post_image_order, created_at,
                                  updated_at, community_post_image_url)
VALUES (14, 4, 1, '2024-08-11 21:58:10', '2024-08-11 21:58:10', 'http://d1tknhgbpjhaqe.cloudfront.net/community/14');

INSERT INTO community_post_image (community_post_id, community_post_image_id, community_post_image_order, created_at,
                                  updated_at, community_post_image_url)
VALUES (15, 5, 1, '2024-08-11 21:58:10', '2024-08-11 21:58:10', 'http://d1tknhgbpjhaqe.cloudfront.net/community/15');

INSERT INTO community_post_image (community_post_id, community_post_image_id, community_post_image_order, created_at,
                                  updated_at, community_post_image_url)
VALUES (23, 6, 1, '2024-08-11 21:58:10', '2024-08-11 21:58:10', 'http://d1tknhgbpjhaqe.cloudfront.net/community/23');

INSERT INTO community_post_image (community_post_id, community_post_image_id, community_post_image_order, created_at,
                                  updated_at, community_post_image_url)
VALUES (27, 7, 1, '2024-08-11 21:58:10', '2024-08-11 21:58:10', 'http://d1tknhgbpjhaqe.cloudfront.net/community/27');

INSERT INTO community_post_image (community_post_id, community_post_image_id, community_post_image_order, created_at,
                                  updated_at, community_post_image_url)
VALUES (28, 8, 1, '2024-08-11 21:58:10', '2024-08-11 21:58:10', 'http://d1tknhgbpjhaqe.cloudfront.net/community/28');

INSERT INTO community_post_image (community_post_id, community_post_image_id, community_post_image_order, created_at,
                                  updated_at, community_post_image_url)
VALUES (31, 9, 1, '2024-08-11 21:58:10', '2024-08-11 21:58:10', 'http://d1tknhgbpjhaqe.cloudfront.net/community/31');